time,open,high,low,close,Volume,Upper UI Constraint,Lower UI Constraint,OB Level 2,OB Level 1,Zero,OS Level 1,OS Level 2,Fisher,Signale,Long,Short,Upper UI Constraint,Lower UI Constraint,OB Level 2,OB Level 1,Zero,OS Level 1,OS Level 2,Fish1,Fish2,unFish,length,Long,Short
2023-03-07,23.07,23.1,21.68,21.79,1815987,3.5,-3.5,3,2,0,-2,-3,-1.6938330610718153,-1.6061436260276365,0,1,3.5,-3.5,3,2,0,-2,-3,-1.6938330610718153,-1.6061436260276365,-0.7117695230855385,12,0,1
2023-03-08,21.74,22.08,21.62,21.67,694631,3.5,-3.5,3,2,0,-2,-3,-1.9649550844686459,-1.6938330610718153,0,0,3.5,-3.5,3,2,0,-2,-3,-1.9649550844686459,-1.6938330610718153,-0.8068855804673108,12,0,0
2023-03-09,21.84,22.22,21.58,21.71,787585,3.5,-3.5,3,2,0,-2,-3,-2.2817952248116424,-1.9649550844686459,0,0,3.5,-3.5,3,2,0,-2,-3,-2.2817952248116424,-1.9649550844686459,-0.8615474048471647,12,0,0
2023-03-10,22.77,23.33,22.4501,22.74,1144683,3.5,-3.5,3,2,0,-2,-3,-1.996003063566241,-2.2817952248116424,1,0,3.5,-3.5,3,2,0,-2,-3,-1.996003063566241,-2.2817952248116424,-0.6937272744668855,12,1,0
2023-03-13,24.82,25.9288,24.752,25.55,1446245,3.5,-3.5,3,2,0,-2,-3,-1.1336242596518833,-1.996003063566241,0,0,3.5,-3.5,3,2,0,-2,-3,-1.1336242596518833,-1.996003063566241,-0.13479727389281332,12,0,0
2023-03-14,25.6,26.05,25.18,25.27,672205,3.5,-3.5,3,2,0,-2,-3,-0.32237136647127584,-1.1336242596518833,0,0,3.5,-3.5,3,2,0,-2,-3,-0.32237136647127584,-1.1336242596518833,0.23968582649181508,12,0,0
2023-03-15,26.6,26.71,25.33,25.67,1189339,3.5,-3.5,3,2,0,-2,-3,0.3756507134329847,-0.32237136647127584,0,0,3.5,-3.5,3,2,0,-2,-3,0.3756507134329847,-0.32237136647127584,0.49058950374951615,12,0,0
2023-03-16,25.99,26.015,24.8805,25.43,664824,3.5,-3.5,3,2,0,-2,-3,0.8325723018441451,0.3756507134329847,0,0,3.5,-3.5,3,2,0,-2,-3,0.8325723018441451,0.3756507134329847,0.5681230250661327,12,0,0
2023-03-17,26.1,27.62,26,27.24,1436854,3.5,-3.5,3,2,0,-2,-3,1.3047666840639043,0.8325723018441451,0,0,3.5,-3.5,3,2,0,-2,-3,1.3047666840639043,0.8325723018441451,0.710642426794309,13,0,0
2023-03-20,27.01,27.52,26.701,27.3,887218,3.5,-3.5,3,2,0,-2,-3,1.7682614996609263,1.3047666840639043,0,0,3.5,-3.5,3,2,0,-2,-3,1.7682614996609263,1.3047666840639043,0.8061304259521871,13,0,0
2023-03-21,27.41,27.42,26.53,26.97,630604,3.5,-3.5,3,2,0,-2,-3,2.151588387210331,1.7682614996609263,0,0,3.5,-3.5,3,2,0,-2,-3,2.151588387210331,1.7682614996609263,0.8531071002439676,13,0,0
2023-03-22,26.96,28.7599,26.91,28.38,1107883,3.5,-3.5,3,2,0,-2,-3,2.5564017641205035,2.151588387210331,0,0,3.5,-3.5,3,2,0,-2,-3,2.5564017641205035,2.151588387210331,0.9015817571634583,13,0,0
2023-03-23,28.52,29.1,28.25,28.88,853889,3.5,-3.5,3,2,0,-2,-3,2.967514866666436,2.5564017641205035,0,0,3.5,-3.5,3,2,0,-2,-3,2.967514866666436,2.5564017641205035,0.9340597772995172,13,0,0
2023-03-24,29.64,29.8,28.75,28.82,785216,3.5,-3.5,3,2,0,-2,-3,3.3789043330475037,2.967514866666436,0,0,3.5,-3.5,3,2,0,-2,-3,3.3789043330475037,2.967514866666436,0.9558200507906764,12,0,0
2023-03-27,28.39,28.78,28.2,28.75,393951,3.5,-3.5,3,2,0,-2,-3,3.1078083221724366,3.3789043330475037,0,1,3.5,-3.5,3,2,0,-2,-3,3.1078083221724366,3.3789043330475037,0.889255493983238,12,0,1
2023-03-28,28.57,29.49,28.48,29.37,573634,3.5,-3.5,3,2,0,-2,-3,2.917202364957955,3.1078083221724366,0,0,3.5,-3.5,3,2,0,-2,-3,2.917202364957955,3.1078083221724366,0.8771558294717942,12,0,0
2023-03-29,29.08,29.58,29,29.34,421556,3.5,-3.5,3,2,0,-2,-3,3.0328210993842064,2.917202364957955,1,0,3.5,-3.5,3,2,0,-2,-3,3.0328210993842064,2.917202364957955,0.9176944057461021,12,1,0
2023-03-30,30.01,30.8,29.65,30.77,647333,3.5,-3.5,3,2,0,-2,-3,3.2979012096627347,3.0328210993842064,0,0,3.5,-3.5,3,2,0,-2,-3,3.2979012096627347,3.0328210993842064,0.9448552518498885,12,0,0
2023-03-31,31.05,31.48,30.9,31.23,689784,3.5,-3.5,3,2,0,-2,-3,3.635336733254639,3.2979012096627347,0,0,3.5,-3.5,3,2,0,-2,-3,3.635336733254639,3.2979012096627347,0.9630530187394253,12,0,0
2023-04-03,30.78,31.555,30.67,31.01,620523,3.5,-3.5,3,2,0,-2,-3,3.811196041686578,3.635336733254639,0,0,3.5,-3.5,3,2,0,-2,-3,3.811196041686578,3.635336733254639,0.9635674403636347,12,0,0
2023-04-04,31.24,33.7499,31.17,33.7,1130816,3.5,-3.5,3,2,0,-2,-3,4.102416599262212,3.811196041686578,0,0,3.5,-3.5,3,2,0,-2,-3,4.102416599262212,3.811196041686578,0.9755901850436353,12,0,0
2023-04-05,33.22,33.65,32.68,33.51,899081,3.5,-3.5,3,2,0,-2,-3,4.450300208126208,4.102416599262212,0,0,3.5,-3.5,3,2,0,-2,-3,4.450300208126208,4.102416599262212,0.9836454239792356,11,0,0
2023-04-06,33.05,33.66,32.4401,33.37,708709,3.5,-3.5,3,2,0,-2,-3,4.406012329717958,4.450300208126208,0,1,3.5,-3.5,3,2,0,-2,-3,4.406012329717958,4.450300208126208,0.9748086088674499,12,0,1
2023-04-10,33.22,33.37,32.9102,33.35,399954,3.5,-3.5,3,2,0,-2,-3,4.490724088432231,4.406012329717958,1,0,3.5,-3.5,3,2,0,-2,-3,4.490724088432231,4.406012329717958,0.979606473823545,12,1,0
2023-04-11,33.41,33.9953,33.245,33.75,710287,3.5,-3.5,3,2,0,-2,-3,4.735015666655823,4.490724088432231,0,0,3.5,-3.5,3,2,0,-2,-3,4.735015666655823,4.490724088432231,0.9863363374617753,12,0,0
2023-04-12,34.77,35.01,33.8,34.93,927028,3.5,-3.5,3,2,0,-2,-3,6.167709000578111,4.735015666655823,0,0,3.5,-3.5,3,2,0,-2,-3,6.167709000578111,4.735015666655823,0.999,11,0,0
2023-04-13,35.77,36.21,35.32,35.9,794406,3.5,-3.5,3,2,0,-2,-3,6.884055667539256,6.167709000578111,0,0,3.5,-3.5,3,2,0,-2,-3,6.884055667539256,6.167709000578111,0.999,11,0,0
2023-04-14,36.14,36.3,33.93,34.58,1418567,3.5,-3.5,3,2,0,-2,-3,5.04352212983002,6.884055667539256,0,1,3.5,-3.5,3,2,0,-2,-3,5.04352212983002,6.884055667539256,0.9218931768953063,11,0,1
2023-04-17,34.56,34.62,33.04,33.64,898301,3.5,-3.5,3,2,0,-2,-3,3.3382801888586715,5.04352212983002,0,0,3.5,-3.5,3,2,0,-2,-3,3.3382801888586715,5.04352212983002,0.6731708465746642,10,0,0
2023-04-18,33.39,34.38,33.33,34,474291,3.5,-3.5,3,2,0,-2,-3,2.2319690249616797,3.3382801888586715,0,0,3.5,-3.5,3,2,0,-2,-3,2.2319690249616797,3.3382801888586715,0.5100733656467236,11,0,0
2023-04-19,33.84,34.4633,33.7644,34.25,566864,3.5,-3.5,3,2,0,-2,-3,1.393233697736632,2.2319690249616797,0,0,3.5,-3.5,3,2,0,-2,-3,1.393233697736632,2.2319690249616797,0.27035723248012794,10,0,0
2023-04-20,34.26,34.8267,33.7,34.09,522437,3.5,-3.5,3,2,0,-2,-3,0.843760309895633,1.393233697736632,0,0,3.5,-3.5,3,2,0,-2,-3,0.843760309895633,1.393233697736632,0.14609063399903888,10,0,0
2023-04-21,34.1,34.52,33.22,33.52,893057,3.5,-3.5,3,2,0,-2,-3,0.3732472802156317,0.843760309895633,0,0,3.5,-3.5,3,2,0,-2,-3,0.3732472802156317,0.843760309895633,-0.04859456951756913,10,0,0
2023-04-24,33.34,34.089,33.11,33.81,438740,3.5,-3.5,3,2,0,-2,-3,-0.1932046771593779,0.3732472802156317,0,0,3.5,-3.5,3,2,0,-2,-3,-0.1932046771593779,0.3732472802156317,-0.36255836157677135,10,0,0
2023-04-25,33.32,33.5499,32.4,33.3867,746790,3.5,-3.5,3,2,0,-2,-3,-0.7484524062302176,-0.1932046771593779,0,0,3.5,-3.5,3,2,0,-2,-3,-0.7484524062302176,-0.1932046771593779,-0.5729141022564368,11,0,0
2023-04-26,33.87,33.87,32.69,33.05,597006,3.5,-3.5,3,2,0,-2,-3,-1.1352700148146133,-0.7484524062302176,0,0,3.5,-3.5,3,2,0,-2,-3,-1.1352700148146133,-0.7484524062302176,-0.641691376129597,12,0,0
2023-04-27,32.25,33.27,32,33.13,948351,3.5,-3.5,3,2,0,-2,-3,-1.5636920169036226,-1.1352700148146133,0,0,3.5,-3.5,3,2,0,-2,-3,-1.5636920169036226,-1.1352700148146133,-0.75993322200683,12,0,0
2023-04-28,33.13,33.5755,32.73,33.51,457835,3.5,-3.5,3,2,0,-2,-3,-1.6518318794675113,-1.5636920169036226,0,0,3.5,-3.5,3,2,0,-2,-3,-1.6518318794675113,-1.5636920169036226,-0.7013669522929648,11,0,0
2023-05-01,35.56,35.58,33.04,33.17,1030967,3.5,-3.5,3,2,0,-2,-3,-0.9667556927188405,-1.6518318794675113,1,0,3.5,-3.5,3,2,0,-2,-3,-0.9667556927188405,-1.6518318794675113,-0.13991585803628642,11,1,0
2023-05-02,32.48,34.68,32.3621,34.45,874365,3.5,-3.5,3,2,0,-2,-3,-0.5581302483283417,-0.9667556927188405,0,0,3.5,-3.5,3,2,0,-2,-3,-0.5581302483283417,-0.9667556927188405,-0.07461347563058104,11,0,0
2023-05-03,34.31,35.05,33.94,34.8,680692,3.5,-3.5,3,2,0,-2,-3,0.008626682827501397,-0.5581302483283417,0,0,3.5,-3.5,3,2,0,-2,-3,0.008626682827501397,-0.5581302483283417,0.28000897132751074,11,0,0
2023-05-04,34.78,36.28,34.76,36.28,1441352,3.5,-3.5,3,2,0,-2,-3,0.5773774385013573,0.008626682827501397,0,0,3.5,-3.5,3,2,0,-2,-3,0.5773774385013573,0.008626682827501397,0.5176060107894322,13,0,0
2023-05-05,34.58,35.18,33.73,35.16,1330775,3.5,-3.5,3,2,0,-2,-3,0.7524644255296666,0.5773774385013573,0,0,3.5,-3.5,3,2,0,-2,-3,0.7524644255296666,0.5773774385013573,0.4331565124975503,10,0,0
2023-05-08,34.91,35.16,34.69,34.82,553594,3.5,-3.5,3,2,0,-2,-3,0.9045537400657732,0.7524644255296666,0,0,3.5,-3.5,3,2,0,-2,-3,0.9045537400657732,0.7524644255296666,0.48409701242015235,12,0,0
2023-05-09,34.53,35.13,34.46,34.89,640001,3.5,-3.5,3,2,0,-2,-3,0.9863482412015967,0.9045537400657732,0,0,3.5,-3.5,3,2,0,-2,-3,0.9863482412015967,0.9045537400657732,0.4884871127062516,12,0,0
2023-05-10,35.23,35.36,33.8601,34.3,1118068,3.5,-3.5,3,2,0,-2,-3,0.9767684432903563,0.9863482412015967,0,1,3.5,-3.5,3,2,0,-2,-3,0.9767684432903563,0.9863482412015967,0.4491175613537437,12,0,1
2023-05-11,32.18,32.45,30.85,30.93,2284213,3.5,-3.5,3,2,0,-2,-3,0.45928477694649167,0.9767684432903563,0,0,3.5,-3.5,3,2,0,-2,-3,0.45928477694649167,0.9767684432903563,-0.02909123389299173,11,0,0
2023-05-12,30.57,30.9,30.14,30.4,1030304,3.5,-3.5,3,2,0,-2,-3,-0.13522157083067907,0.45928477694649167,0,0,3.5,-3.5,3,2,0,-2,-3,-0.13522157083067907,0.45928477694649167,-0.34949112670830446,13,0,0
2023-05-15,30.78,31.03,30.4601,30.67,529100,3.5,-3.5,3,2,0,-2,-3,-0.6639681155466802,-0.13522157083067907,0,0,3.5,-3.5,3,2,0,-2,-3,-0.6639681155466802,-0.13522157083067907,-0.534452454894564,12,0,0
2023-05-16,30.37,30.65,29.55,29.85,803037,3.5,-3.5,3,2,0,-2,-3,-1.1762901916290165,-0.6639681155466802,0,0,3.5,-3.5,3,2,0,-2,-3,-1.1762901916290165,-0.6639681155466802,-0.688083144779358,10,0,0
2023-05-17,30.1,30.14,29.35,29.91,608079,3.5,-3.5,3,2,0,-2,-3,-1.6622846337965782,-1.1762901916290165,0,0,3.5,-3.5,3,2,0,-2,-3,-1.6622846337965782,-1.1762901916290165,-0.7910157070021699,12,0,0
2023-05-18,29.25,29.31,28.76,29.14,946151,3.5,-3.5,3,2,0,-2,-3,-2.124412199946129,-1.6622846337965782,0,0,3.5,-3.5,3,2,0,-2,-3,-2.124412199946129,-1.6622846337965782,-0.859980523691454,13,0,0
2023-05-19,29.52,30.48,29.19,29.99,1247465,3.5,-3.5,3,2,0,-2,-3,-2.2337556767231526,-2.124412199946129,0,0,3.5,-3.5,3,2,0,-2,-3,-2.2337556767231526,-2.124412199946129,-0.8247682924307144,13,0,0
2023-05-22,29.85,30.13,29.42,29.435,684338,3.5,-3.5,3,2,0,-2,-3,-2.2145867584307077,-2.2337556767231526,1,0,3.5,-3.5,3,2,0,-2,-3,-2.2145867584307077,-2.2337556767231526,-0.7996745521934345,12,1,0
2023-05-23,29.08,29.4826,28.85,28.96,698604,3.5,-3.5,3,2,0,-2,-3,-2.367311903419531,-2.2145867584307077,0,1,3.5,-3.5,3,2,0,-2,-3,-2.367311903419531,-2.2145867584307077,-0.8510692165230818,12,0,1
2023-05-24,28.65,28.73,27.89,27.95,745448,3.5,-3.5,3,2,0,-2,-3,-2.657015426356721,-2.367311903419531,0,0,3.5,-3.5,3,2,0,-2,-3,-2.657015426356721,-2.367311903419531,-0.9002163750704648,12,0,0
2023-05-25,27.94,28.01,27.1,27.16,841453,3.5,-3.5,3,2,0,-2,-3,-3.0106961882208805,-2.657015426356721,0,0,3.5,-3.5,3,2,0,-2,-3,-3.0106961882208805,-2.657015426356721,-0.9331449712972115,13,0,0
2023-05-26,28.21,28.65,27.8813,28.56,661766,3.5,-3.5,3,2,0,-2,-3,-2.9293176966029213,-3.0106961882208805,1,0,3.5,-3.5,3,2,0,-2,-3,-2.9293176966029213,-3.0106961882208805,-0.8904241197194078,14,1,0
2023-05-30,28.16,28.47,27.83,28.3,689941,3.5,-3.5,3,2,0,-2,-3,-2.6550067150083003,-2.9293176966029213,0,0,3.5,-3.5,3,2,0,-2,-3,-2.6550067150083003,-2.9293176966029213,-0.8306867243145677,13,0,0
2023-05-31,28.53,29.3284,27.95,29.12,1036985,3.5,-3.5,3,2,0,-2,-3,-2.124307613518698,-2.6550067150083003,0,0,3.5,-3.5,3,2,0,-2,-3,-2.124307613518698,-2.6550067150083003,-0.6622463798005644,13,0,0
2023-06-01,29.06,30.0766,29,29.96,595825,3.5,-3.5,3,2,0,-2,-3,-1.442921033453071,-2.124307613518698,0,0,3.5,-3.5,3,2,0,-2,-3,-1.442921033453071,-2.124307613518698,-0.3633735749601008,14,0,0
2023-06-02,30.06,30.11,29.16,29.28,612901,3.5,-3.5,3,2,0,-2,-3,-0.8655721555997767,-1.442921033453071,0,0,3.5,-3.5,3,2,0,-2,-3,-0.8655721555997767,-1.442921033453071,-0.14312221274807152,14,0,0
2023-06-05,28.83,29.46,28.6277,29.16,516398,3.5,-3.5,3,2,0,-2,-3,-0.47259248881052457,-0.8655721555997767,0,0,3.5,-3.5,3,2,0,-2,-3,-0.47259248881052457,-0.8655721555997767,-0.039785399240618954,14,0,0
2023-06-06,29.07,29.298,28.54,29.17,306847,3.5,-3.5,3,2,0,-2,-3,-0.19809177997412974,-0.47259248881052457,0,0,3.5,-3.5,3,2,0,-2,-3,-0.19809177997412974,-0.47259248881052457,0.03818588777194222,14,0,0
2023-06-07,29.31,30.388,28.79,28.83,580057,3.5,-3.5,3,2,0,-2,-3,0.19338864761826285,-0.19809177997412974,0,0,3.5,-3.5,3,2,0,-2,-3,0.19338864761826285,-0.19809177997412974,0.28437401849141125,14,0,0
2023-06-08,30.18,31.12,30.18,30.94,943841,3.5,-3.5,3,2,0,-2,-3,0.6737615914009103,0.19338864761826285,0,0,3.5,-3.5,3,2,0,-2,-3,0.6737615914009103,0.19338864761826285,0.5205305923892456,14,0,0
2023-06-09,30.81,31.52,30.68,30.9,523351,3.5,-3.5,3,2,0,-2,-3,1.1636835442731333,0.6737615914009103,0,0,3.5,-3.5,3,2,0,-2,-3,1.1636835442731333,0.6737615914009103,0.6787554969007945,14,0,0
2023-06-12,30.21,30.38,29.87,30.33,433679,3.5,-3.5,3,2,0,-2,-3,1.2800714964062734,1.1636835442731333,0,0,3.5,-3.5,3,2,0,-2,-3,1.2800714964062734,1.1636835442731333,0.6032429107091457,14,0,0
2023-06-13,30.43,30.6186,29.15,29.37,717773,3.5,-3.5,3,2,0,-2,-3,1.199845822104264,1.2800714964062734,0,1,3.5,-3.5,3,2,0,-2,-3,1.199845822104264,1.2800714964062734,0.507836501938174,13,0,1
2023-06-14,30.01,30.39,29.5,29.94,497586,3.5,-3.5,3,2,0,-2,-3,1.0377523774041062,1.199845822104264,0,0,3.5,-3.5,3,2,0,-2,-3,1.0377523774041062,1.199845822104264,0.4118436766375596,12,0,0
2023-06-15,29.14,29.91,29.1352,29.91,615552,3.5,-3.5,3,2,0,-2,-3,0.7775187458679602,1.0377523774041062,0,0,3.5,-3.5,3,2,0,-2,-3,0.7775187458679602,1.0377523774041062,0.2530254328386905,13,0,0
2023-06-16,30.28,30.66,29.8587,30.5,501216,3.5,-3.5,3,2,0,-2,-3,0.6700077832484915,0.7775187458679602,0,0,3.5,-3.5,3,2,0,-2,-3,0.6700077832484915,0.7775187458679602,0.274060118675524,13,0,0
2023-06-20,28.44,28.49,27.7301,28.03,1247469,3.5,-3.5,3,2,0,-2,-3,0.18756502698062338,0.6700077832484915,0,0,3.5,-3.5,3,2,0,-2,-3,0.18756502698062338,0.6700077832484915,-0.14637972048739895,11,0,0
2023-06-21,27.15,27.2184,26.3516,26.85,1116924,3.5,-3.5,3,2,0,-2,-3,-0.3637541667879756,0.18756502698062338,0,0,3.5,-3.5,3,2,0,-2,-3,-0.3637541667879756,0.18756502698062338,-0.42807441272655733,11,0,0
2023-06-22,26.25,26.47,25.84,26.04,757235,3.5,-3.5,3,2,0,-2,-3,-0.9017165525180286,-0.3637541667879756,0,0,3.5,-3.5,3,2,0,-2,-3,-0.9017165525180286,-0.3637541667879756,-0.6168098565267934,10,0,0
2023-06-23,26.36,26.82,25.87,26.14,706852,3.5,-3.5,3,2,0,-2,-3,-1.3541639570184527,-0.9017165525180286,0,0,3.5,-3.5,3,2,0,-2,-3,-1.3541639570184527,-0.9017165525180286,-0.7179036554401916,10,0,0
2023-06-26,26.84,27.25,26.591,27.01,486494,3.5,-3.5,3,2,0,-2,-3,-1.5619015542794938,-1.3541639570184527,0,0,3.5,-3.5,3,2,0,-2,-3,-1.5619015542794938,-1.3541639570184527,-0.7088255805908334,11,0,0
2023-06-27,27.69,27.76,26.96,27.25,472864,3.5,-3.5,3,2,0,-2,-3,-1.4916946985157524,-1.5619015542794938,1,0,3.5,-3.5,3,2,0,-2,-3,-1.4916946985157524,-1.5619015542794938,-0.6111431145096428,11,1,0
2023-06-28,26.93,27.24,26.5,26.88,415922,3.5,-3.5,3,2,0,-2,-3,-1.4781799094373038,-1.4916946985157524,0,0,3.5,-3.5,3,2,0,-2,-3,-1.4781799094373038,-1.4916946985157524,-0.6244903120263207,11,0,0
2023-06-29,26.05,26.73,25.79,26.51,644818,3.5,-3.5,3,2,0,-2,-3,-1.67108777056181,-1.4781799094373038,0,1,3.5,-3.5,3,2,0,-2,-3,-1.67108777056181,-1.4781799094373038,-0.731523984102405,11,0,1
2023-06-30,26.28,27.1085,26.08,26.95,598118,3.5,-3.5,3,2,0,-2,-3,-1.8073284980292348,-1.67108777056181,0,0,3.5,-3.5,3,2,0,-2,-3,-1.8073284980292348,-1.67108777056181,-0.7494874732858978,11,0,0
2023-07-03,27.36,27.6648,27.17,27.2,433449,3.5,-3.5,3,2,0,-2,-3,-1.6436828104105383,-1.8073284980292348,1,0,3.5,-3.5,3,2,0,-2,-3,-1.6436828104105383,-1.8073284980292348,-0.6291563756398096,11,1,0
2023-07-05,28.1,28.14,27.51,27.84,713336,3.5,-3.5,3,2,0,-2,-3,-1.0118598745453076,-1.6436828104105383,0,0,3.5,-3.5,3,2,0,-2,-3,-1.0118598745453076,-1.6436828104105383,-0.18776402412745832,11,0,0
2023-07-06,27.27,27.28,26.35,26.77,761164,3.5,-3.5,3,2,0,-2,-3,-0.7432832560374821,-1.0118598745453076,0,0,3.5,-3.5,3,2,0,-2,-3,-0.7432832560374821,-1.0118598745453076,-0.23299429533677374,12,0,0
2023-07-07,27,27.83,27,27.69,788754,3.5,-3.5,3,2,0,-2,-3,-0.3597831782130938,-0.7432832560374821,0,0,3.5,-3.5,3,2,0,-2,-3,-0.3597831782130938,-0.7432832560374821,0.011857893980647738,11,0,0
2023-07-10,27.31,27.8419,27.3,27.8,668250,3.5,-3.5,3,2,0,-2,-3,0.055148526613438414,-0.3597831782130938,0,0,3.5,-3.5,3,2,0,-2,-3,0.055148526613438414,-0.3597831782130938,0.23080549184243243,11,0,0
2023-07-11,27.81,27.98,27.51,27.73,430670,3.5,-3.5,3,2,0,-2,-3,0.5134057265084557,0.055148526613438414,0,0,3.5,-3.5,3,2,0,-2,-3,0.5134057265084557,0.055148526613438414,0.45090166036510004,10,0,0
2023-07-12,29.59,30.23,29.51,30.17,1119848,3.5,-3.5,3,2,0,-2,-3,1.0016155352491745,0.5134057265084557,0,0,3.5,-3.5,3,2,0,-2,-3,1.0016155352491745,0.5134057265084557,0.6321041124446171,11,0,0
2023-07-13,31.13,31.92,30.94,31.92,899702,3.5,-3.5,3,2,0,-2,-3,1.4818338754368412,1.0016155352491745,0,0,3.5,-3.5,3,2,0,-2,-3,1.4818338754368412,1.0016155352491745,0.7535097553378935,10,0,0
2023-07-14,31.96,32.43,31.79,32.11,800743,3.5,-3.5,3,2,0,-2,-3,1.9448539375934026,1.4818338754368412,0,0,3.5,-3.5,3,2,0,-2,-3,1.9448539375934026,1.4818338754368412,0.8348515360763886,10,0,0
2023-07-17,31.66,32.01,31.3125,31.98,501139,3.5,-3.5,3,2,0,-2,-3,2.171644180222966,1.9448539375934026,0,0,3.5,-3.5,3,2,0,-2,-3,2.171644180222966,1.9448539375934026,0.8334156849785459,10,0,0
2023-07-18,31.99,32.82,31.7577,32.47,632089,3.5,-3.5,3,2,0,-2,-3,2.5000496363118905,2.171644180222966,0,0,3.5,-3.5,3,2,0,-2,-3,2.5000496363118905,2.171644180222966,0.8883885089356258,10,0,0
2023-07-19,32.51,32.97,32.3,32.75,431254,3.5,-3.5,3,2,0,-2,-3,2.874149436990418,2.5000496363118905,0,0,3.5,-3.5,3,2,0,-2,-3,2.874149436990418,2.5000496363118905,0.9252203009868694,10,0,0
2023-07-20,32.77,32.84,31.531,31.59,588205,3.5,-3.5,3,2,0,-2,-3,2.87393676135597,2.874149436990418,0,1,3.5,-3.5,3,2,0,-2,-3,2.87393676135597,2.874149436990418,0.8930642683278701,10,0,1
2023-07-21,31.55,31.64,31.21,31.27,605367,3.5,-3.5,3,2,0,-2,-3,2.4706094883398757,2.87393676135597,0,0,3.5,-3.5,3,2,0,-2,-3,2.4706094883398757,2.87393676135597,0.7753645540325469,11,0,0
2023-07-24,30.76,30.94,30.38,30.55,493443,3.5,-3.5,3,2,0,-2,-3,1.9021938755889778,2.4706094883398757,0,0,3.5,-3.5,3,2,0,-2,-3,1.9021938755889778,2.4706094883398757,0.5829298340238924,10,0,0
2023-07-25,31.23,31.55,30.95,31.39,380499,3.5,-3.5,3,2,0,-2,-3,1.5463043211822303,1.9021938755889778,0,0,3.5,-3.5,3,2,0,-2,-3,1.5463043211822303,1.9021938755889778,0.5336304734585848,11,0,0
2023-07-26,31.22,32.348,31,32.14,917347,3.5,-3.5,3,2,0,-2,-3,1.157396922136945,1.5463043211822303,0,0,3.5,-3.5,3,2,0,-2,-3,1.157396922136945,1.5463043211822303,0.36638811341978367,10,0,0
2023-07-27,30.97,31.01,29.735,29.91,1228021,3.5,-3.5,3,2,0,-2,-3,0.6141390783069614,1.157396922136945,0,0,3.5,-3.5,3,2,0,-2,-3,0.6141390783069614,1.157396922136945,0.03542578644333505,12,0,0
2023-07-28,30.26,30.625,30.1,30.4,423674,3.5,-3.5,3,2,0,-2,-3,-0.009348733114406982,0.6141390783069614,0,0,3.5,-3.5,3,2,0,-2,-3,-0.009348733114406982,0.6141390783069614,-0.30626472308296554,11,0,0
2023-07-31,30.95,31.74,30.93,31.48,595402,3.5,-3.5,3,2,0,-2,-3,-0.26302814255951884,-0.009348733114406982,0,0,3.5,-3.5,3,2,0,-2,-3,-0.26302814255951884,-0.009348733114406982,-0.2527551202411641,10,0,0
2023-08-01,30.45,30.71,29.9,30.32,568376,3.5,-3.5,3,2,0,-2,-3,-0.6799485029154482,-0.26302814255951884,0,0,3.5,-3.5,3,2,0,-2,-3,-0.6799485029154482,-0.26302814255951884,-0.49934593056157994,10,0,0
2023-08-02,30.02,30.08,28.68,28.83,866529,3.5,-3.5,3,2,0,-2,-3,-1.14091392786999,-0.6799485029154482,0,0,3.5,-3.5,3,2,0,-2,-3,-1.14091392786999,-0.6799485029154482,-0.6645617734762586,10,0,0
2023-08-03,28.57,28.79,28.35,28.5,515273,3.5,-3.5,3,2,0,-2,-3,-1.6038269070923152,-1.14091392786999,0,0,3.5,-3.5,3,2,0,-2,-3,-1.6038269070923152,-1.14091392786999,-0.7752563882290933,10,0,0
2023-08-04,28.61,29,28.375,28.53,716234,3.5,-3.5,3,2,0,-2,-3,-1.9724306132602645,-1.6038269070923152,0,0,3.5,-3.5,3,2,0,-2,-3,-1.9724306132602645,-1.6038269070923152,-0.8244378883609152,11,0,0
2023-08-07,28.35,28.35,27.22,27.29,929125,3.5,-3.5,3,2,0,-2,-3,-2.372601992822715,-1.9724306132602645,0,0,3.5,-3.5,3,2,0,-2,-3,-2.372601992822715,-1.9724306132602645,-0.8823733852018132,10,0,0
2023-08-08,26.43,26.72,26.235,26.49,847638,3.5,-3.5,3,2,0,-2,-3,-2.783132192718496,-2.372601992822715,0,0,3.5,-3.5,3,2,0,-2,-3,-2.783132192718496,-2.372601992822715,-0.9211901680852148,11,0,0
2023-08-09,26.39,26.745,26.13,26.28,568382,3.5,-3.5,3,2,0,-2,-3,-3.195359196602076,-2.783132192718496,0,0,3.5,-3.5,3,2,0,-2,-3,-3.195359196602076,-2.783132192718496,-0.9471974126170939,11,0,0
2023-08-10,26.4,26.98,26.1301,26.3,791676,3.5,-3.5,3,2,0,-2,-3,-3.4171031705258437,-3.195359196602076,0,0,3.5,-3.5,3,2,0,-2,-3,-3.4171031705258437,-3.195359196602076,-0.9487809188271128,11,0,0
2023-08-11,26.24,26.63,26.15,26.26,371174,3.5,-3.5,3,2,0,-2,-3,-3.732531875822028,-3.4171031705258437,0,0,3.5,-3.5,3,2,0,-2,-3,-3.732531875822028,-3.4171031705258437,-0.9656832156141657,11,0,0
2023-08-14,25.98,26.2,25.48,26.01,685915,3.5,-3.5,3,2,0,-2,-3,-4.093357306370525,-3.732531875822028,0,0,3.5,-3.5,3,2,0,-2,-3,-4.093357306370525,-3.732531875822028,-0.977007754461491,11,0,0
2023-08-15,25.76,26.26,25.49,25.88,670448,3.5,-3.5,3,2,0,-2,-3,-4.354218747054216,-4.093357306370525,0,0,3.5,-3.5,3,2,0,-2,-3,-4.354218747054216,-4.093357306370525,-0.980391373833148,12,0,0
2023-08-16,26.07,26.28,25.54,25.56,445584,3.5,-3.5,3,2,0,-2,-3,-4.393475287254361,-4.354218747054216,0,0,3.5,-3.5,3,2,0,-2,-3,-4.393475287254361,-4.354218747054216,-0.9765150760113223,12,0,0
2023-08-17,26.87,26.879,26,26.24,626227,3.5,-3.5,3,2,0,-2,-3,-3.540168829863152,-4.393475287254361,1,0,3.5,-3.5,3,2,0,-2,-3,-3.540168829863152,-4.393475287254361,-0.8724939144869075,12,1,0
2023-08-18,26.28,26.519,26.14,26.37,303377,3.5,-3.5,3,2,0,-2,-3,-2.871797452609128,-3.540168829863152,0,0,3.5,-3.5,3,2,0,-2,-3,-2.871797452609128,-3.540168829863152,-0.8011135039178172,12,0,0
2023-08-21,27.45,27.66,26.69,27.59,924975,3.5,-3.5,3,2,0,-2,-3,-1.8760120064962975,-2.871797452609128,0,0,3.5,-3.5,3,2,0,-2,-3,-1.8760120064962975,-2.871797452609128,-0.41373833554267514,11,0,0
2023-08-22,27.63,27.9199,27.4,27.85,481467,3.5,-3.5,3,2,0,-2,-3,-0.8851615529369431,-1.8760120064962975,0,0,3.5,-3.5,3,2,0,-2,-3,-0.8851615529369431,-1.8760120064962975,0.052795315186407676,11,0,0
2023-08-23,29.38,30.12,29.34,29.97,904110,3.5,-3.5,3,2,0,-2,-3,-0.059508183864816655,-0.8851615529369431,0,0,3.5,-3.5,3,2,0,-2,-3,-0.059508183864816655,-0.8851615529369431,0.36537286117489315,10,0,0
2023-08-24,29.75,30.08,29.41,29.6,452854,3.5,-3.5,3,2,0,-2,-3,0.6249075910539148,-0.059508183864816655,0,0,3.5,-3.5,3,2,0,-2,-3,0.6249075910539148,-0.059508183864816655,0.5747998169871784,10,0,0
2023-08-25,29.58,30.24,29.05,29.87,902290,3.5,-3.5,3,2,0,-2,-3,1.176261826835883,0.6249075910539148,0,0,3.5,-3.5,3,2,0,-2,-3,1.176261826835883,0.6249075910539148,0.6982144689307057,10,0,0
2023-08-28,29.48,30.14,29.43,29.82,377926,3.5,-3.5,3,2,0,-2,-3,1.680671909668851,1.176261826835883,0,0,3.5,-3.5,3,2,0,-2,-3,1.680671909668851,1.176261826835883,0.7978036941835729,10,0,0
2023-08-29,29.92,31.22,29.8,31.12,1212318,3.5,-3.5,3,2,0,-2,-3,2.151336955771683,1.680671909668851,0,0,3.5,-3.5,3,2,0,-2,-3,2.151336955771683,1.680671909668851,0.8645284751029938,10,0,0
2023-08-30,31.57,31.7801,30.73,30.78,699599,3.5,-3.5,3,2,0,-2,-3,2.5987552434977044,2.151336955771683,0,0,3.5,-3.5,3,2,0,-2,-3,2.5987552434977044,2.151336955771683,0.9092340783190058,10,0,0
2023-08-31,30.68,30.87,30.1397,30.3,483393,3.5,-3.5,3,2,0,-2,-3,2.516029092024528,2.5987552434977044,0,1,3.5,-3.5,3,2,0,-2,-3,2.516029092024528,2.5987552434977044,0.8386636421701131,10,0,1
2023-09-01,30.87,31.09,29.58,29.61,1125184,3.5,-3.5,3,2,0,-2,-3,2.2153251334304196,2.516029092024528,0,0,3.5,-3.5,3,2,0,-2,-3,2.2153251334304196,2.516029092024528,0.7430748465014483,10,0,0
2023-09-05,28.7,28.84,27.94,28.05,580554,3.5,-3.5,3,2,0,-2,-3,1.4192549674867478,2.2153251334304196,0,0,3.5,-3.5,3,2,0,-2,-3,1.4192549674867478,2.2153251334304196,0.30188506996757536,10,0,0
2023-09-06,26.89,27.538,26.72,27.1,853068,3.5,-3.5,3,2,0,-2,-3,0.5811888481174816,1.4192549674867478,0,0,3.5,-3.5,3,2,0,-2,-3,0.5811888481174816,1.4192549674867478,-0.1277370031217245,11,0,0
2023-09-07,26.63,26.8601,26.43,26.55,577726,3.5,-3.5,3,2,0,-2,-3,-0.1517475185135846,0.5811888481174816,0,0,3.5,-3.5,3,2,0,-2,-3,-0.1517475185135846,0.5811888481174816,-0.41558379209155544,11,0,0
2023-09-08,26.61,26.99,26.3,26.45,563339,3.5,-3.5,3,2,0,-2,-3,-0.7823162123466801,-0.1517475185135846,0,0,3.5,-3.5,3,2,0,-2,-3,-0.7823162123466801,-0.1517475185135846,-0.6084411407013421,11,0,0
2023-09-11,27.06,27.12,26.56,26.9,664091,3.5,-3.5,3,2,0,-2,-3,-1.2778144327472745,-0.7823162123466801,0,0,3.5,-3.5,3,2,0,-2,-3,-1.2778144327472745,-0.7823162123466801,-0.709738296561306,11,0,0
2023-09-12,26.44,27,26.36,26.83,493422,3.5,-3.5,3,2,0,-2,-3,-1.7389485463630692,-1.2778144327472745,0,0,3.5,-3.5,3,2,0,-2,-3,-1.7389485463630692,-1.2778144327472745,-0.8005138670560712,11,0,0
2023-09-13,26.52,26.76,26.2401,26.32,717229,3.5,-3.5,3,2,0,-2,-3,-2.1877091299754374,-1.7389485463630692,0,0,3.5,-3.5,3,2,0,-2,-3,-2.1877091299754374,-1.7389485463630692,-0.8663442909275678,11,0,0
2023-09-14,25.36,26.07,25,25.76,1712080,3.5,-3.5,3,2,0,-2,-3,-2.624006993486229,-2.1877091299754374,0,0,3.5,-3.5,3,2,0,-2,-3,-2.624006993486229,-2.1877091299754374,-0.9104506749214705,11,0,0
2023-09-15,26.89,27.31,26.68,26.69,1319179,3.5,-3.5,3,2,0,-2,-3,-2.3361298391558147,-2.624006993486229,1,0,3.5,-3.5,3,2,0,-2,-3,-2.3361298391558147,-2.624006993486229,-0.7715418862888709,13,1,0
2023-09-18,27.02,27.19,26.53,27.17,668910,3.5,-3.5,3,2,0,-2,-3,-2.02379235481434,-2.3361298391558147,0,0,3.5,-3.5,3,2,0,-2,-3,-2.02379235481434,-2.3361298391558147,-0.6940497848212271,13,0,0
2023-09-19,27.37,27.42,26.84,27.1,506842,3.5,-3.5,3,2,0,-2,-3,-1.6791887157782364,-2.02379235481434,0,0,3.5,-3.5,3,2,0,-2,-3,-1.6791887157782364,-2.02379235481434,-0.5831960977640831,13,0,0
2023-09-20,27.19,28.02,27.1515,27.3,945151,3.5,-3.5,3,2,0,-2,-3,-1.3102925402032537,-1.6791887157782364,0,0,3.5,-3.5,3,2,0,-2,-3,-1.3102925402032537,-1.6791887157782364,-0.43876326050193615,13,0,0
2023-09-21,26.4901,27.7199,26.341,27.53,891866,3.5,-3.5,3,2,0,-2,-3,-0.7988121057558994,-1.3102925402032537,0,0,3.5,-3.5,3,2,0,-2,-3,-0.7988121057558994,-1.3102925402032537,-0.14268551351349945,12,0,0
2023-09-22,28.1,28.33,27.82,27.9,573847,3.5,-3.5,3,2,0,-2,-3,-0.16056507543473045,-0.7988121057558994,0,0,3.5,-3.5,3,2,0,-2,-3,-0.16056507543473045,-0.7988121057558994,0.23440070594595538,12,0,0
2023-09-25,27.6,27.77,26.66,26.85,773465,3.5,-3.5,3,2,0,-2,-3,0.1896734764069084,-0.16056507543473045,0,0,3.5,-3.5,3,2,0,-2,-3,0.1896734764069084,-0.16056507543473045,0.26358390605465637,12,0,0
2023-09-26,26.4,26.79,26.24,26.28,687374,3.5,-3.5,3,2,0,-2,-3,0.1964317264095655,0.1896734764069084,0,0,3.5,-3.5,3,2,0,-2,-3,0.1964317264095655,0.1896734764069084,0.10124688634795856,12,0,0
2023-09-27,25.65,25.83,25.19,25.59,1245320,3.5,-3.5,3,2,0,-2,-3,-0.170215470916861,0.1964317264095655,0,1,3.5,-3.5,3,2,0,-2,-3,-0.170215470916861,0.1964317264095655,-0.2621645861468678,11,0,1
2023-09-28,25.42,25.87,25.12,25.64,884761,3.5,-3.5,3,2,0,-2,-3,-0.641976206502999,-0.170215470916861,0,0,3.5,-3.5,3,2,0,-2,-3,-0.641976206502999,-0.170215470916861,-0.5056502727184015,10,0,0
2023-09-29,27.32,27.3664,24.49,24.61,2712220,3.5,-3.5,3,2,0,-2,-3,-0.9508644692551605,-0.641976206502999,0,0,3.5,-3.5,3,2,0,-2,-3,-0.9508644692551605,-0.641976206502999,-0.5579670780701672,10,0,0
2023-10-02,23.05,23.2888,22.33,22.38,2257927,3.5,-3.5,3,2,0,-2,-3,-1.3502981355654382,-0.9508644692551605,0,0,3.5,-3.5,3,2,0,-2,-3,-1.3502981355654382,-0.9508644692551605,-0.703837942307012,10,0,0
2023-10-03,22.05,22.85,21.9,22.41,1198923,3.5,-3.5,3,2,0,-2,-3,-1.778141740170704,-1.3502981355654382,0,0,3.5,-3.5,3,2,0,-2,-3,-1.778141740170704,-1.3502981355654382,-0.8015714213456981,10,0,0
2023-10-04,22.33,22.35,21.3,22.07,1246406,3.5,-3.5,3,2,0,-2,-3,-2.2101532642364803,-1.778141740170704,0,0,3.5,-3.5,3,2,0,-2,-3,-2.2101532642364803,-1.778141740170704,-0.8670528523016179,10,0,0
2023-10-05,22.08,22.24,21.33,21.91,997806,3.5,-3.5,3,2,0,-2,-3,-2.638011039710156,-2.2101532642364803,0,0,3.5,-3.5,3,2,0,-2,-3,-2.638011039710156,-2.2101532642364803,-0.9109254110420841,11,0,0
2023-10-06,22.84,23.22,21.95,23.05,1694226,3.5,-3.5,3,2,0,-2,-3,-2.598601595065692,-2.638011039710156,1,0,3.5,-3.5,3,2,0,-2,-3,-2.598601595065692,-2.638011039710156,-0.8563772591024885,11,1,0
2023-10-09,23.21,23.805,23.142,23.79,933345,3.5,-3.5,3,2,0,-2,-3,-2.1637457025631646,-2.598601595065692,0,0,3.5,-3.5,3,2,0,-2,-3,-2.1637457025631646,-2.598601595065692,-0.6985407193997719,11,0,0
2023-10-10,23.62,23.83,23.37,23.66,800377,3.5,-3.5,3,2,0,-2,-3,-1.692781591387935,-2.1637457025631646,0,0,3.5,-3.5,3,2,0,-2,-3,-1.692781591387935,-2.1637457025631646,-0.5447664680443585,11,0,0
2023-10-11,24.09,24.2859,23.78,24.1,738033,3.5,-3.5,3,2,0,-2,-3,-1.196983950020634,-1.692781591387935,0,0,3.5,-3.5,3,2,0,-2,-3,-1.196983950020634,-1.692781591387935,-0.3369014791390536,11,0,0
2023-10-12,24.2,24.38,23.45,23.56,903019,3.5,-3.5,3,2,0,-2,-3,-0.818390180296925,-1.196983950020634,0,0,3.5,-3.5,3,2,0,-2,-3,-0.818390180296925,-1.196983950020634,-0.2164210367848956,11,0,0
2023-10-13,24.83,25.82,24.77,25.52,1834516,3.5,-3.5,3,2,0,-2,-3,-0.3248648069074339,-0.818390180296925,0,0,3.5,-3.5,3,2,0,-2,-3,-0.3248648069074339,-0.818390180296925,0.08413094262000217,11,0,0
2023-10-16,25.36,25.59,25.19,25.28,663713,3.5,-3.5,3,2,0,-2,-3,0.24509090941705403,-0.3248648069074339,0,0,3.5,-3.5,3,2,0,-2,-3,0.24509090941705403,-0.3248648069074339,0.3863677315554015,10,0,0
2023-10-17,25.53,26.2501,25.3791,25.88,861623,3.5,-3.5,3,2,0,-2,-3,0.7984743555406988,0.24509090941705403,0,0,3.5,-3.5,3,2,0,-2,-3,0.7984743555406988,0.24509090941705403,0.588866380142119,11,0,0
2023-10-18,26.58,26.89,25.5,25.93,1633504,3.5,-3.5,3,2,0,-2,-3,1.3163747769153837,0.7984743555406988,0,0,3.5,-3.5,3,2,0,-2,-3,1.3163747769153837,0.7984743555406988,0.7245404746952198,10,0,0
2023-10-19,25.82,26.38,25.39,26.25,1334713,3.5,-3.5,3,2,0,-2,-3,1.651488046222288,1.3163747769153837,0,0,3.5,-3.5,3,2,0,-2,-3,1.651488046222288,1.3163747769153837,0.7587662177687886,10,0,0
2023-10-20,26.43,27.84,26.4021,27.03,1487436,3.5,-3.5,3,2,0,-2,-3,2.041417759056015,1.651488046222288,0,0,3.5,-3.5,3,2,0,-2,-3,2.041417759056015,1.651488046222288,0.8383733659050885,10,0,0
2023-10-23,26.52,26.67,26.01,26.13,814591,3.5,-3.5,3,2,0,-2,-3,1.983022196620956,2.041417759056015,0,1,3.5,-3.5,3,2,0,-2,-3,1.983022196620956,2.041417759056015,0.7453069515665717,10,0,1
2023-10-24,25.8,26.22,25.63,26.06,668233,3.5,-3.5,3,2,0,-2,-3,1.6587123473851573,1.983022196620956,0,0,3.5,-3.5,3,2,0,-2,-3,1.6587123473851573,1.983022196620956,0.5831358543649984,10,0,0
2023-10-25,25.82,26.19,25.18,25.85,910904,3.5,-3.5,3,2,0,-2,-3,1.2832257830497427,1.6587123473851573,0,0,3.5,-3.5,3,2,0,-2,-3,1.2832257830497427,1.6587123473851573,0.4250746285754205,10,0,0
2023-10-26,25.78,25.9,24.8868,25.61,956792,3.5,-3.5,3,2,0,-2,-3,0.9068040991149677,1.2832257830497427,0,0,3.5,-3.5,3,2,0,-2,-3,0.9068040991149677,1.2832257830497427,0.25914459963900505,11,0,0
2023-10-27,25.77,26.41,25.37,26.36,1176075,3.5,-3.5,3,2,0,-2,-3,0.4876780893567714,0.9068040991149677,0,0,3.5,-3.5,3,2,0,-2,-3,0.4876780893567714,0.9068040991149677,0.03426262307120928,10,0,0
2023-10-30,27.46,27.5,26.54,26.86,1014157,3.5,-3.5,3,2,0,-2,-3,0.5692912421763028,0.4876780893567714,1,0,3.5,-3.5,3,2,0,-2,-3,0.5692912421763028,0.4876780893567714,0.31442847413833735,11,1,0
2023-10-31,26.32,26.85,25.49,25.84,1327808,3.5,-3.5,3,2,0,-2,-3,0.4638859864960504,0.5692912421763028,0,1,3.5,-3.5,3,2,0,-2,-3,0.4638859864960504,0.5692912421763028,0.17734522428803123,11,0,1
2023-11-01,25.51,26.13,25.06,25.78,1094729,3.5,-3.5,3,2,0,-2,-3,0.09696611900430041,0.4638859864960504,0,0,3.5,-3.5,3,2,0,-2,-3,0.09696611900430041,0.4638859864960504,-0.13416310050263952,11,0,0
2023-11-02,26.05,26.15,25.32,25.56,816848,3.5,-3.5,3,2,0,-2,-3,-0.24941800114436785,0.09696611900430041,0,0,3.5,-3.5,3,2,0,-2,-3,-0.24941800114436785,0.09696611900430041,-0.2893906230954582,11,0,0
2023-11-03,25.95,26.77,25.83,26.47,1266303,3.5,-3.5,3,2,0,-2,-3,-0.30416155718105514,-0.24941800114436785,0,0,3.5,-3.5,3,2,0,-2,-3,-0.30416155718105514,-0.24941800114436785,-0.17755073405717808,11,0,0
2023-11-06,26.46,26.46,26.04,26.11,811106,3.5,-3.5,3,2,0,-2,-3,-0.25382019218238816,-0.30416155718105514,1,0,3.5,-3.5,3,2,0,-2,-3,-0.25382019218238816,-0.30416155718105514,-0.10138982914770792,11,1,0
2023-11-07,25.17,25.26,24.78,25.18,1404046,3.5,-3.5,3,2,0,-2,-3,-0.548098570861608,-0.25382019218238816,0,1,3.5,-3.5,3,2,0,-2,-3,-0.548098570861608,-0.25382019218238816,-0.39793118552896434,11,0,1
2023-11-08,25.35,25.65,24.9,25,872548,3.5,-3.5,3,2,0,-2,-3,-0.8401147691433526,-0.548098570861608,0,0,3.5,-3.5,3,2,0,-2,-3,-0.8401147691433526,-0.548098570861608,-0.5124638943044075,11,0,0
2023-11-09,25.25,25.9858,24.9496,25.08,1083853,3.5,-3.5,3,2,0,-2,-3,-1.0041170413465688,-0.8401147691433526,0,0,3.5,-3.5,3,2,0,-2,-3,-1.0041170413465688,-0.8401147691433526,-0.5256098091839536,11,0,0
2023-11-10,24.63,24.79,24.11,24.19,1067578,3.5,-3.5,3,2,0,-2,-3,-1.3351987747741345,-1.0041170413465688,0,0,3.5,-3.5,3,2,0,-2,-3,-1.3351987747741345,-1.0041170413465688,-0.6821585721532489,11,0,0
2023-11-13,23.8,24.495,23.6,24.4,719837,3.5,-3.5,3,2,0,-2,-3,-1.7312215649975955,-1.3351987747741345,0,0,3.5,-3.5,3,2,0,-2,-3,-1.7312215649975955,-1.3351987747741345,-0.7870462433426768,11,0,0
2023-11-14,25.56,26.33,25.4595,26.15,1157966,3.5,-3.5,3,2,0,-2,-3,-1.346763403685013,-1.7312215649975955,1,0,3.5,-3.5,3,2,0,-2,-3,-1.346763403685013,-1.7312215649975955,-0.4471662311472473,12,1,0
2023-11-15,26.68,27.0487,26.38,26.88,1024134,3.5,-3.5,3,2,0,-2,-3,-0.6429737079653589,-1.346763403685013,0,0,3.5,-3.5,3,2,0,-2,-3,-0.6429737079653589,-1.346763403685013,0.030398625131344337,12,0,0
2023-11-16,27.95,28.3804,27.6,27.65,1269559,3.5,-3.5,3,2,0,-2,-3,0.04437528503228838,-0.6429737079653589,0,0,3.5,-3.5,3,2,0,-2,-3,0.04437528503228838,-0.6429737079653589,0.3503670788380007,11,0,0
2023-11-17,27.75,27.861,27.42,27.58,614902,3.5,-3.5,3,2,0,-2,-3,0.5798041925915767,0.04437528503228838,0,0,3.5,-3.5,3,2,0,-2,-3,0.5798041925915767,0.04437528503228838,0.5062068706120612,11,0,0
2023-11-20,26.76,27.21,26.66,26.89,745251,3.5,-3.5,3,2,0,-2,-3,0.8292844104014043,0.5798041925915767,0,0,3.5,-3.5,3,2,0,-2,-3,0.8292844104014043,0.5798041925915767,0.4925202590282439,11,0,0
2023-11-21,27.92,28.23,27.56,27.68,945631,3.5,-3.5,3,2,0,-2,-3,1.1797099705829184,0.8292844104014043,0,0,3.5,-3.5,3,2,0,-2,-3,1.1797099705829184,0.8292844104014043,0.6440522862331244,11,0,0
2023-11-22,27.48,27.73,27.12,27.36,637302,3.5,-3.5,3,2,0,-2,-3,1.3949971132103327,1.1797099705829184,0,0,3.5,-3.5,3,2,0,-2,-3,1.3949971132103327,1.1797099705829184,0.6669016957374381,11,0,0
2023-11-24,28.24,28.94,28.2399,28.92,675407,3.5,-3.5,3,2,0,-2,-3,1.7348099409684352,1.3949971132103327,0,0,3.5,-3.5,3,2,0,-2,-3,1.7348099409684352,1.3949971132103327,0.7768241361440835,11,0,0
2023-11-27,29.95,30.04,29.5,29.69,983659,3.5,-3.5,3,2,0,-2,-3,2.125261766471904,1.7348099409684352,0,0,3.5,-3.5,3,2,0,-2,-3,2.125261766471904,1.7348099409684352,0.850472171216536,11,0,0
2023-11-28,29.99,30.6,29.7201,30.6,1270128,3.5,-3.5,3,2,0,-2,-3,2.5338846584612202,2.125261766471904,0,0,3.5,-3.5,3,2,0,-2,-3,2.5338846584612202,2.125261766471904,0.899816354715079,11,0,0
2023-11-29,30.73,31.16,30.3399,30.48,940724,3.5,-3.5,3,2,0,-2,-3,2.9470610470281935,2.5338846584612202,0,0,3.5,-3.5,3,2,0,-2,-3,2.9470610470281935,2.5338846584612202,0.932876957659103,11,0,0
2023-11-30,30.71,31.17,30.42,31.15,820587,3.5,-3.5,3,2,0,-2,-3,3.359585397972186,2.9470610470281935,0,0,3.5,-3.5,3,2,0,-2,-3,3.359585397972186,2.9470610470281935,0.9550275616315991,11,0,0
2023-12-01,31.03,31.8198,30.88,31.68,1123318,3.5,-3.5,3,2,0,-2,-3,3.769867597133973,3.359585397972186,0,0,3.5,-3.5,3,2,0,-2,-3,3.769867597133973,3.359585397972186,0.9698684662931714,13,0,0
2023-12-04,30.0999,30.52,29.03,29.3,1801256,3.5,-3.5,3,2,0,-2,-3,2.8451519314381755,3.769867597133973,0,1,3.5,-3.5,3,2,0,-2,-3,2.8451519314381755,3.769867597133973,0.7443741501577099,10,0,1
2023-12-05,28.87,29.03,27.92,28.35,1283497,3.5,-3.5,3,2,0,-2,-3,1.7826686707385373,2.8451519314381755,0,0,3.5,-3.5,3,2,0,-2,-3,1.7826686707385373,2.8451519314381755,0.3452956886313481,10,0,0
2023-12-06,28.49,28.5342,27.69,27.84,971064,3.5,-3.5,3,2,0,-2,-3,0.9082248309012826,1.7826686707385373,0,0,3.5,-3.5,3,2,0,-2,-3,0.9082248309012826,1.7826686707385373,0.016888889491999265,10,0,0
2023-12-07,27.74,27.76,26.99,27.49,1111605,3.5,-3.5,3,2,0,-2,-3,0.12393025793607315,0.9082248309012826,0,0,3.5,-3.5,3,2,0,-2,-3,0.12393025793607315,0.9082248309012826,-0.3186844440403605,10,0,0
2023-12-08,26.38,26.86,25.51,25.68,2409763,3.5,-3.5,3,2,0,-2,-3,-0.5471708091066543,0.12393025793607315,0,0,3.5,-3.5,3,2,0,-2,-3,-0.5471708091066543,0.12393025793607315,-0.5435185775070416,11,0,0
2023-12-11,25.35,25.43,25.01,25.27,1455717,3.5,-3.5,3,2,0,-2,-3,-1.1295205933963948,-0.5471708091066543,0,0,3.5,-3.5,3,2,0,-2,-3,-1.1295205933963948,-0.5471708091066543,-0.6941574469297178,11,0,0
2023-12-12,25.35,25.37,24.91,25.08,1167355,3.5,-3.5,3,2,0,-2,-3,-1.649867824563655,-1.1295205933963948,0,0,3.5,-3.5,3,2,0,-2,-3,-1.649867824563655,-1.1295205933963948,-0.7950854894429109,11,0,0
2023-12-13,24.86,27.29,24.51,27.24,2377703,3.5,-3.5,3,2,0,-2,-3,-1.8752598174477635,-1.649867824563655,0,0,3.5,-3.5,3,2,0,-2,-3,-1.8752598174477635,-1.649867824563655,-0.7819330303543258,11,0,0
2023-12-14,27.84,28.25,27.78,28.15,1921117,3.5,-3.5,3,2,0,-2,-3,-1.5536267566279003,-1.8752598174477635,1,0,3.5,-3.5,3,2,0,-2,-3,-1.5536267566279003,-1.8752598174477635,-0.5483346543232916,10,1,0
2023-12-15,27.75,27.86,27.19,27.37,1568022,3.5,-3.5,3,2,0,-2,-3,-1.253893179693324,-1.5536267566279003,0,0,3.5,-3.5,3,2,0,-2,-3,-1.253893179693324,-1.5536267566279003,-0.4439018756857728,11,0,0
2023-12-18,27.52,27.5286,27.01,27.31,1065824,3.5,-3.5,3,2,0,-2,-3,-0.9632943786470456,-1.253893179693324,0,0,3.5,-3.5,3,2,0,-2,-3,-0.9632943786470456,-1.253893179693324,-0.32421296221108564,11,0,0
2023-12-19,27.64,28.165,27.57,27.93,1123359,3.5,-3.5,3,2,0,-2,-3,-0.48909489926226046,-0.9632943786470456,0,0,3.5,-3.5,3,2,0,-2,-3,-0.48909489926226046,-0.9632943786470456,-0.00744757223764958,11,0,0
2023-12-20,28.51,28.63,27.95,27.95,1168812,3.5,-3.5,3,2,0,-2,-3,0.09269139672897381,-0.48909489926226046,0,0,3.5,-3.5,3,2,0,-2,-3,0.09269139672897381,-0.48909489926226046,0.3250101266007748,11,0,0
2023-12-21,28.56,28.89,28.3,28.64,1031408,3.5,-3.5,3,2,0,-2,-3,0.6615166004977989,0.09269139672897381,0,0,3.5,-3.5,3,2,0,-2,-3,0.6615166004977989,0.09269139672897381,0.5477567848225191,11,0,0
2023-12-22,28.9,29.16,27.93,28.07,1889984,3.5,-3.5,3,2,0,-2,-3,1.1738547604714462,0.6615166004977989,0,0,3.5,-3.5,3,2,0,-2,-3,1.1738547604714462,0.6615166004977989,0.6874456710119856,11,0,0
2023-12-26,28.27,28.3199,27.86,28.29,658696,3.5,-3.5,3,2,0,-2,-3,1.4427713178568253,1.1738547604714462,0,0,3.5,-3.5,3,2,0,-2,-3,1.4427713178568253,1.1738547604714462,0.694110162530274,11,0,0
2023-12-27,28,28.7599,27.985,28.37,2157517,3.5,-3.5,3,2,0,-2,-3,1.6730857884087589,1.4427713178568253,0,0,3.5,-3.5,3,2,0,-2,-3,1.6730857884087589,1.4427713178568253,0.7405517680789575,10,0,0
2023-12-28,28.15,28.343,27.61,27.65,1631286,3.5,-3.5,3,2,0,-2,-3,1.6558641842484096,1.6730857884087589,0,1,3.5,-3.5,3,2,0,-2,-3,1.6558641842484096,1.6730857884087589,0.6747002968578002,11,0,1
2023-12-29,26.74,27.585,26.585,27.17,1498061,3.5,-3.5,3,2,0,-2,-3,0.9505927808872575,1.6558641842484096,0,0,3.5,-3.5,3,2,0,-2,-3,0.9505927808872575,1.6558641842484096,0.12204919889472615,11,0,0
2024-01-02,27.42,27.69,26.795,26.83,1166449,3.5,-3.5,3,2,0,-2,-3,0.2939482128141446,0.9505927808872575,0,0,3.5,-3.5,3,2,0,-2,-3,0.2939482128141446,0.9505927808872575,-0.1793859771378849,11,0,0
2024-01-03,25.37,25.71,24.96,25.36,3092708,3.5,-3.5,3,2,0,-2,-3,-0.3379626922620352,0.2939482128141446,0,0,3.5,-3.5,3,2,0,-2,-3,-0.3379626922620352,0.2939482128141446,-0.4501886046823829,11,0,0
2024-01-04,24.98,25.38,24.61,25.34,1630608,3.5,-3.5,3,2,0,-2,-3,-0.9130987617143214,-0.3379626922620352,0,0,3.5,-3.5,3,2,0,-2,-3,-0.9130987617143214,-0.3379626922620352,-0.6316263651371966,11,0,0
2024-01-05,25.5,26.41,25.23,25.67,1248491,3.5,-3.5,3,2,0,-2,-3,-1.1527328179703882,-0.9130987617143214,0,0,3.5,-3.5,3,2,0,-2,-3,-1.1527328179703882,-0.9130987617143214,-0.6019396646419213,11,0,0
2024-01-08,25.31,25.75,25.15,25.5,678120,3.5,-3.5,3,2,0,-2,-3,-1.3514623863100608,-1.1527328179703882,0,0,3.5,-3.5,3,2,0,-2,-3,-1.3514623863100608,-1.1527328179703882,-0.6498829086434204,11,0,0
2024-01-09,25.71,25.74,25.05,25.15,805960,3.5,-3.5,3,2,0,-2,-3,-1.5257041691503355,-1.3514623863100608,0,0,3.5,-3.5,3,2,0,-2,-3,-1.5257041691503355,-1.3514623863100608,-0.6910553516079928,11,0,0
2024-01-10,24.95,25.15,24.75,25.01,596306,3.5,-3.5,3,2,0,-2,-3,-1.842334515855208,-1.5257041691503355,0,0,3.5,-3.5,3,2,0,-2,-3,-1.842334515855208,-1.5257041691503355,-0.7930070855773552,11,0,0
2024-01-11,25.02,25.28,24.08,24.66,1317546,3.5,-3.5,3,2,0,-2,-3,-2.219582945013026,-1.842334515855208,0,0,3.5,-3.5,3,2,0,-2,-3,-2.219582945013026,-1.842334515855208,-0.8613147473368281,11,0,0
2024-01-12,26.05,26.4,25.36,25.55,1938720,3.5,-3.5,3,2,0,-2,-3,-1.9147974006265227,-2.219582945013026,1,0,3.5,-3.5,3,2,0,-2,-3,-1.9147974006265227,-2.219582945013026,-0.6668260650020394,11,1,0
2024-01-16,25.41,25.4899,24.91,25.04,1529483,3.5,-3.5,3,2,0,-2,-3,-1.7204225765897752,-1.9147974006265227,0,0,3.5,-3.5,3,2,0,-2,-3,-1.7204225765897752,-1.9147974006265227,-0.6428546342830733,11,0,0
2024-01-17,24.51,24.5698,24.13,24.25,1771911,3.5,-3.5,3,2,0,-2,-3,-1.8581155763385953,-1.7204225765897752,0,1,3.5,-3.5,3,2,0,-2,-3,-1.8581155763385953,-1.7204225765897752,-0.7607126049696591,11,0,1
2024-01-18,24,24.625,23.92,24.6,1530660,3.5,-3.5,3,2,0,-2,-3,-2.1491366787669053,-1.8581155763385953,0,0,3.5,-3.5,3,2,0,-2,-3,-2.1491366787669053,-1.8581155763385953,-0.8396774453296716,11,0,0
2024-01-19,24.47,24.47,23.9905,24.25,1520691,3.5,-3.5,3,2,0,-2,-3,-2.5090624019259664,-2.1491366787669053,0,0,3.5,-3.5,3,2,0,-2,-3,-2.5090624019259664,-2.1491366787669053,-0.8925838883708801,10,0,0
2024-01-22,22.91,23.62,22.815,23.11,1571665,3.5,-3.5,3,2,0,-2,-3,-2.8985422214221943,-2.5090624019259664,0,0,3.5,-3.5,3,2,0,-2,-3,-2.8985422214221943,-2.5090624019259664,-0.9280312052084898,10,0,0
2024-01-23,23.71,23.95,23.59,23.92,1435142,3.5,-3.5,3,2,0,-2,-3,-2.590487138243266,-2.8985422214221943,1,0,3.5,-3.5,3,2,0,-2,-3,-2.590487138243266,-2.8985422214221943,-0.8148231610108152,10,1,0
2024-01-24,24.93,24.98,24.29,24.36,2441522,3.5,-3.5,3,2,0,-2,-3,-1.8778416943398275,-2.590487138243266,0,0,3.5,-3.5,3,2,0,-2,-3,-1.8778416943398275,-2.590487138243266,-0.5245512361871059,10,0,0
2024-01-25,24.88,25.17,24.51,24.87,1078720,3.5,-3.5,3,2,0,-2,-3,-1.2257916293291147,-1.8778416943398275,0,0,3.5,-3.5,3,2,0,-2,-3,-1.2257916293291147,-1.8778416943398275,-0.27925214514676855,11,0,0
2024-01-26,24.55,24.8,24.45,24.67,749972,3.5,-3.5,3,2,0,-2,-3,-0.7827069486630718,-1.2257916293291147,0,0,3.5,-3.5,3,2,0,-2,-3,-0.7827069486630718,-1.2257916293291147,-0.16819752879763067,11,0,0
2024-01-29,25.05,25.59,24.6,25.54,1235984,3.5,-3.5,3,2,0,-2,-3,-0.3686334593784877,-0.7827069486630718,0,0,3.5,-3.5,3,2,0,-2,-3,-0.3686334593784877,-0.7827069486630718,0.022716106409812642,12,0,0
2024-01-30,25.73,25.8,24.975,25.5,992968,3.5,-3.5,3,2,0,-2,-3,0.04263653135623227,-0.3686334593784877,0,0,3.5,-3.5,3,2,0,-2,-3,0.04263653135623227,-0.3686334593784877,0.2231352842523218,12,0,0
2024-01-31,25.48,25.8,24.62,24.75,1440264,3.5,-3.5,3,2,0,-2,-3,0.47572483461685516,0.04263653135623227,0,0,3.5,-3.5,3,2,0,-2,-3,0.47572483461685516,0.04263653135623227,0.4255144653338476,10,0,0
2024-02-01,24.83,25.65,24.5,25.5,1320449,3.5,-3.5,3,2,0,-2,-3,0.8142687985228564,0.47572483461685516,0,0,3.5,-3.5,3,2,0,-2,-3,0.8142687985228564,0.47572483461685516,0.5200486088243681,12,0,0
2024-02-02,24,24.455,23.74,24.31,2593717,3.5,-3.5,3,2,0,-2,-3,0.7014285451264519,0.8142687985228564,0,1,3.5,-3.5,3,2,0,-2,-3,0.7014285451264519,0.8142687985228564,0.2860823374975785,10,0,1
2024-02-05,23.56,23.82,23.455,23.63,1651449,3.5,-3.5,3,2,0,-2,-3,0.21149694529806168,0.7014285451264519,0,0,3.5,-3.5,3,2,0,-2,-3,0.21149694529806168,0.7014285451264519,-0.13832483387662242,10,0,0
2024-02-06,23.55,23.925,23.4701,23.79,903663,3.5,-3.5,3,2,0,-2,-3,-0.31793642249757526,0.21149694529806168,0,0,3.5,-3.5,3,2,0,-2,-3,-0.31793642249757526,0.21149694529806168,-0.4000302101259084,10,0,0
2024-02-07,23.58,23.82,23.33,23.34,1276747,3.5,-3.5,3,2,0,-2,-3,-0.8490277389625736,-0.31793642249757526,0,0,3.5,-3.5,3,2,0,-2,-3,-0.8490277389625736,-0.31793642249757526,-0.5980202407843587,11,0,0
2024-02-08,23.55,24.2,23.44,24.08,1360622,3.5,-3.5,3,2,0,-2,-3,-1.1851640450865482,-0.8490277389625736,0,0,3.5,-3.5,3,2,0,-2,-3,-1.1851640450865482,-0.8490277389625736,-0.6414597682220718,11,0,0
2024-02-09,23.85,24.21,23.61,24.14,762352,3.5,-3.5,3,2,0,-2,-3,-1.3470245690279914,-1.1851640450865482,0,0,3.5,-3.5,3,2,0,-2,-3,-1.3470245690279914,-1.1851640450865482,-0.6377918378122364,10,0,0
2024-02-12,24,24.49,23.94,24.33,850107,3.5,-3.5,3,2,0,-2,-3,-1.2557256046615142,-1.3470245690279914,1,0,3.5,-3.5,3,2,0,-2,-3,-1.2557256046615142,-1.3470245690279914,-0.5242722554721296,10,1,0
2024-02-13,23.53,23.53,22.79,22.97,2023097,3.5,-3.5,3,2,0,-2,-3,-1.459328835684304,-1.2557256046615142,0,1,3.5,-3.5,3,2,0,-2,-3,-1.459328835684304,-1.2557256046615142,-0.6812624111663269,10,0,1
2024-02-14,23.04,23.7606,22.9902,23.55,944199,3.5,-3.5,3,2,0,-2,-3,-1.6313086293058556,-1.459328835684304,0,0,3.5,-3.5,3,2,0,-2,-3,-1.6313086293058556,-1.459328835684304,-0.7170975227985126,11,0,0
2024-02-15,24.45,24.98,24.43,24.69,1320629,3.5,-3.5,3,2,0,-2,-3,-1.1011403849845014,-1.6313086293058556,1,0,3.5,-3.5,3,2,0,-2,-3,-1.1011403849845014,-1.6313086293058556,-0.27797492252043465,11,1,0
2024-02-16,24.97,25.9886,24.59,25.76,1146539,3.5,-3.5,3,2,0,-2,-3,-0.40581063354651536,-1.1011403849845014,0,0,3.5,-3.5,3,2,0,-2,-3,-0.40581063354651536,-1.1011403849845014,0.1437568019113088,10,0,0
2024-02-20,25.22,25.25,24.86,24.93,799370,3.5,-3.5,3,2,0,-2,-3,0.16675343525243347,-0.40581063354651536,0,0,3.5,-3.5,3,2,0,-2,-3,0.16675343525243347,-0.40581063354651536,0.3536931902820325,11,0,0
2024-02-21,25.01,25.01,24.37,24.68,915607,3.5,-3.5,3,2,0,-2,-3,0.4848569552984593,0.16675343525243347,0,0,3.5,-3.5,3,2,0,-2,-3,0.4848569552984593,0.16675343525243347,0.3812147981708763,11,0,0
2024-02-22,24.58,24.68,24.293,24.34,695392,3.5,-3.5,3,2,0,-2,-3,0.592655887729151,0.4848569552984593,0,0,3.5,-3.5,3,2,0,-2,-3,0.592655887729151,0.4848569552984593,0.33657720787550593,10,0,0
2024-02-23,24.28,24.85,24.03,24.73,1191829,3.5,-3.5,3,2,0,-2,-3,0.5973600371575162,0.592655887729151,0,0,3.5,-3.5,3,2,0,-2,-3,0.5973600371575162,0.592655887729151,0.2922568349451188,9,0,0
2024-02-26,23.81,23.96,23.65,23.8,1201534,3.5,-3.5,3,2,0,-2,-3,0.36451189286185093,0.5973600371575162,0,1,3.5,-3.5,3,2,0,-2,-3,0.36451189286185093,0.5973600371575162,0.06573693734776187,10,0,1
2024-02-27,24.05,24.1,23.56,23.7,984729,3.5,-3.5,3,2,0,-2,-3,0.05234050140662902,0.36451189286185093,0,0,3.5,-3.5,3,2,0,-2,-3,0.05234050140662902,0.36451189286185093,-0.12918944075384306,9,0,0
2024-02-28,23.58,23.67,23.42,23.66,589885,3.5,-3.5,3,2,0,-2,-3,-0.3485013185441331,0.05234050140662902,0,0,3.5,-3.5,3,2,0,-2,-3,-0.3485013185441331,0.05234050140662902,-0.3580711109992064,10,0,0
2024-02-29,24.12,24.19,23.8054,24.1,1031648,3.5,-3.5,3,2,0,-2,-3,-0.49364885611859755,-0.3485013185441331,0,0,3.5,-3.5,3,2,0,-2,-3,-0.49364885611859755,-0.3485013185441331,-0.3089626662035293,7,0,0
2024-03-01,24.2,25.35,23.87,25.14,1630651,3.5,-3.5,3,2,0,-2,-3,-0.1697909360297417,-0.49364885611859755,1,0,3.5,-3.5,3,2,0,-2,-3,-0.1697909360297417,-0.49364885611859755,0.07688147652573038,8,1,0
2024-03-04,25.69,26.81,25.61,26.73,1697385,3.5,-3.5,3,2,0,-2,-3,0.3169309012826719,-0.1697909360297417,0,0,3.5,-3.5,3,2,0,-2,-3,0.3169309012826719,-0.1697909360297417,0.38151058927223935,9,0,0
2024-03-05,26.98,27.23,26.22,26.25,1388267,3.5,-3.5,3,2,0,-2,-3,0.8294270942711246,0.3169309012826719,0,0,3.5,-3.5,3,2,0,-2,-3,0.8294270942711246,0.3169309012826719,0.5856120948124004,8,0,0
2024-03-06,26.78,27.64,26.74,27.33,1569863,3.5,-3.5,3,2,0,-2,-3,1.3272764695748167,0.8294270942711246,0,0,3.5,-3.5,3,2,0,-2,-3,1.3272764695748167,0.8294270942711246,0.7223601035243084,9,0,0
2024-03-07,27.44,28.095,27.4,27.67,953971,3.5,-3.5,3,2,0,-2,-3,1.8023542017973417,1.3272764695748167,0,0,3.5,-3.5,3,2,0,-2,-3,1.8023542017973417,1.3272764695748167,0.8139812693612867,10,0,0
2024-03-08,27.64,28.14,27.33,27.56,1245190,3.5,-3.5,3,2,0,-2,-3,2.248434237310618,1.8023542017973417,0,0,3.5,-3.5,3,2,0,-2,-3,2.248434237310618,1.8023542017973417,0.8734043332799148,10,0,0
2024-03-11,27.9,28.12,27.635,27.95,927368,3.5,-3.5,3,2,0,-2,-3,2.682740443264919,2.248434237310618,0,0,3.5,-3.5,3,2,0,-2,-3,2.682740443264919,2.248434237310618,0.9151809032975431,10,0,0
2024-03-12,27.59,27.6,26.9601,27.23,830912,3.5,-3.5,3,2,0,-2,-3,2.6053495870761827,2.682740443264919,0,1,3.5,-3.5,3,2,0,-2,-3,2.6053495870761827,2.682740443264919,0.8521574717990829,10,0,1
2024-03-13,27.85,29.2,27.7,29.05,1020614,3.5,-3.5,3,2,0,-2,-3,2.7798930605838725,2.6053495870761827,1,0,3.5,-3.5,3,2,0,-2,-3,2.7798930605838725,2.6053495870761827,0.9009455061053855,11,1,0
2024-03-14,29.34,29.39,28.581,28.82,1444143,3.5,-3.5,3,2,0,-2,-3,3.075928316949329,2.7798930605838725,0,0,3.5,-3.5,3,2,0,-2,-3,3.075928316949329,2.7798930605838725,0.9336334890906084,11,0,0
2024-03-15,29.69,30.2,29.46,29.66,1020683,3.5,-3.5,3,2,0,-2,-3,3.429816056395496,3.075928316949329,0,0,3.5,-3.5,3,2,0,-2,-3,3.429816056395496,3.075928316949329,0.9555344376907078,10,0,0
2024-03-18,29.85,29.8796,29.14,29.27,559628,3.5,-3.5,3,2,0,-2,-3,3.1985400189729183,3.429816056395496,0,1,3.5,-3.5,3,2,0,-2,-3,3.1985400189729183,3.429816056395496,0.9021462375039819,10,0,1
2024-03-19,28.95,29.08,28.52,28.96,589213,3.5,-3.5,3,2,0,-2,-3,2.4227102385050507,3.1985400189729183,0,0,3.5,-3.5,3,2,0,-2,-3,2.4227102385050507,3.1985400189729183,0.6769379791276677,10,0,0
2024-03-20,28.8,30.62,28.71,30.26,1147659,3.5,-3.5,3,2,0,-2,-3,2.163697646980402,2.4227102385050507,0,0,3.5,-3.5,3,2,0,-2,-3,2.163697646980402,2.4227102385050507,0.7408417262759348,9,0,0
2024-03-21,29.86,29.8894,28.3,28.56,1573902,3.5,-3.5,3,2,0,-2,-3,1.8333560534577535,2.163697646980402,0,0,3.5,-3.5,3,2,0,-2,-3,1.8333560534577535,2.163697646980402,0.6360472837289377,10,0,0
2024-03-22,28.57,28.97,28.25,28.32,891130,3.5,-3.5,3,2,0,-2,-3,1.3893811299949497,1.8333560534577535,0,0,3.5,-3.5,3,2,0,-2,-3,1.3893811299949497,1.8333560534577535,0.4403807826298102,10,0,0
2024-03-25,28.41,28.7725,28.27,28.33,1182484,3.5,-3.5,3,2,0,-2,-3,0.6938217760973852,1.3893811299949497,0,0,3.5,-3.5,3,2,0,-2,-3,0.6938217760973852,1.3893811299949497,-0.0008687886815040846,9,0,0
2024-03-26,28.44,28.44,27.615,27.75,952223,3.5,-3.5,3,2,0,-2,-3,0.0034292681256348767,0.6938217760973852,0,0,3.5,-3.5,3,2,0,-2,-3,0.0034292681256348767,0.6938217760973852,-0.33058208841660774,9,0,0
2024-03-27,27.72,28.22,27.713,28.14,475426,3.5,-3.5,3,2,0,-2,-3,-0.6188053951927016,0.0034292681256348767,0,0,3.5,-3.5,3,2,0,-2,-3,-0.6188053951927016,0.0034292681256348767,-0.5514899992391272,9,0,0
2024-03-28,28.11,28.82,27.87,28.74,1407723,3.5,-3.5,3,2,0,-2,-3,-0.9312623038882089,-0.6188053951927016,0,0,3.5,-3.5,3,2,0,-2,-3,-0.9312623038882089,-0.6188053951927016,-0.5524214669909515,9,0,0
2024-04-01,29.82,29.86,28.41,29.02,1540726,3.5,-3.5,3,2,0,-2,-3,-0.7168550572202776,-0.9312623038882089,1,0,3.5,-3.5,3,2,0,-2,-3,-0.7168550572202776,-0.9312623038882089,-0.24606880619862748,9,1,0
2024-04-02,30.22,31.58,29.98,31.47,2192364,3.5,-3.5,3,2,0,-2,-3,-0.19176755761399464,-0.7168550572202776,0,0,3.5,-3.5,3,2,0,-2,-3,-0.19176755761399464,-0.7168550572202776,0.1651338998469196,10,0,0
2024-04-03,32.64,33.88,32.38,33.84,3417119,3.5,-3.5,3,2,0,-2,-3,0.3771405975396812,-0.19176755761399464,0,0,3.5,-3.5,3,2,0,-2,-3,0.3771405975396812,-0.19176755761399464,0.44063971289743614,11,0,0
2024-04-04,33.38,34.37,32.89,33.19,2159703,3.5,-3.5,3,2,0,-2,-3,0.9221140721672947,0.3771405975396812,0,0,3.5,-3.5,3,2,0,-2,-3,0.9221140721672947,0.3771405975396812,0.6252286076412823,10,0,0
2024-04-05,33.13,34.92,32.88,34.62,1948775,3.5,-3.5,3,2,0,-2,-3,1.4315097639196392,0.9221140721672947,0,0,3.5,-3.5,3,2,0,-2,-3,1.4315097639196392,0.9221140721672947,0.7489031671196591,11,0,0
2024-04-08,35.35,35.9,34.2676,35.66,2497412,3.5,-3.5,3,2,0,-2,-3,1.9095920029486904,1.4315097639196392,0,0,3.5,-3.5,3,2,0,-2,-3,1.9095920029486904,1.4315097639196392,0.8317651219701716,12,0,0
2024-04-09,36.63,37.05,35.24,36.55,2105004,3.5,-3.5,3,2,0,-2,-3,2.3638008977646754,1.9095920029486904,0,0,3.5,-3.5,3,2,0,-2,-3,2.3638008977646754,1.9095920029486904,0.8872826317200151,12,0,0
2024-04-10,35.47,37.55,34.98,35.73,2347009,3.5,-3.5,3,2,0,-2,-3,2.800902846973143,2.3638008977646754,0,0,3.5,-3.5,3,2,0,-2,-3,2.800902846973143,2.3638008977646754,0.9244793632524102,12,0,0
2024-04-11,36.5,37.429,35.6,37.32,1517950,3.5,-3.5,3,2,0,-2,-3,3.2261259870400907,2.800902846973143,0,0,3.5,-3.5,3,2,0,-2,-3,3.2261259870400907,2.800902846973143,0.9494011733791148,11,0,0
2024-04-12,39.61,40.83,35.95,36.24,4589951,3.5,-3.5,3,2,0,-2,-3,3.6432408568269317,3.2261259870400907,0,0,3.5,-3.5,3,2,0,-2,-3,3.6432408568269317,3.2261259870400907,0.9660987861640069,12,0,0
2024-04-15,37.92,38.47,36.4044,38.39,2117833,3.5,-3.5,3,2,0,-2,-3,3.3770878550685617,3.6432408568269317,0,1,3.5,-3.5,3,2,0,-2,-3,3.3770878550685617,3.6432408568269317,0.9146831006173912,12,0,1
2024-04-16,37.47,37.47,36,36.68,2177132,3.5,-3.5,3,2,0,-2,-3,2.860239553102062,3.3770878550685617,0,0,3.5,-3.5,3,2,0,-2,-3,2.860239553102062,3.3770878550685617,0.8248149869760508,12,0,0
2024-04-17,37.68,38.24,36.47,36.87,1676021,3.5,-3.5,3,2,0,-2,-3,2.5707376909203434,2.860239553102062,0,0,3.5,-3.5,3,2,0,-2,-3,2.5707376909203434,2.860239553102062,0.8146220591933172,14,0,0
2024-04-18,37.57,37.69,36.53,36.85,939318,3.5,-3.5,3,2,0,-2,-3,2.293010812221425,2.5707376909203434,0,0,3.5,-3.5,3,2,0,-2,-3,2.293010812221425,2.5707376909203434,0.7647849531155014,13,0,0
2024-04-19,37.05,38.1596,36.96,37.88,1482542,3.5,-3.5,3,2,0,-2,-3,2.0930975216018215,2.293010812221425,0,0,3.5,-3.5,3,2,0,-2,-3,2.0930975216018215,2.293010812221425,0.738236336838336,13,0,0
2024-04-22,34.16,34.87,33.69,34.02,2154058,3.5,-3.5,3,2,0,-2,-3,1.270704931919298,2.0930975216018215,0,0,3.5,-3.5,3,2,0,-2,-3,1.270704931919298,2.0930975216018215,0.22047580670618344,12,0,0
2024-04-23,33.37,34.36,33.3,34.23,1322098,3.5,-3.5,3,2,0,-2,-3,0.4510111764698612,1.270704931919298,0,0,3.5,-3.5,3,2,0,-2,-3,0.4510111764698612,1.270704931919298,-0.1822812095068571,12,0,0
2024-04-24,33.97,34.4,33.68,33.96,884858,3.5,-3.5,3,2,0,-2,-3,-0.22429329564707506,0.4510111764698612,0,0,3.5,-3.5,3,2,0,-2,-3,-0.22429329564707506,0.4510111764698612,-0.4217336735274889,13,0,0
2024-04-25,33.88,34.84,33.735,34.45,1210553,3.5,-3.5,3,2,0,-2,-3,-0.7253020541095011,-0.22429329564707506,0,0,3.5,-3.5,3,2,0,-2,-3,-0.7253020541095011,-0.22429329564707506,-0.5463444560002593,13,0,0
2024-04-26,34.77,34.84,33.55,33.94,1186669,3.5,-3.5,3,2,0,-2,-3,-1.126300994979744,-0.7253020541095011,0,0,3.5,-3.5,3,2,0,-2,-3,-1.126300994979744,-0.7253020541095011,-0.6432218381517525,13,0,0
2024-04-29,33.97,34.47,33.36,33.79,895029,3.5,-3.5,3,2,0,-2,-3,-1.533040623999018,-1.126300994979744,0,0,3.5,-3.5,3,2,0,-2,-3,-1.533040623999018,-1.126300994979744,-0.7486559999827267,13,0,0
2024-04-30,32.14,32.52,31.55,31.64,1854111,3.5,-3.5,3,2,0,-2,-3,-1.9598202952402353,-1.533040623999018,0,0,3.5,-3.5,3,2,0,-2,-3,-1.9598202952402353,-1.533040623999018,-0.831599519988427,13,0,0
2024-05-01,31.89,33.22,31.7475,32.16,1538828,3.5,-3.5,3,2,0,-2,-3,-2.17961121211562,-1.9598202952402353,0,0,3.5,-3.5,3,2,0,-2,-3,-2.17961121211562,-1.9598202952402353,-0.8335634029795618,13,0,0
2024-05-02,31.33,32.67,31.26,32.41,1307482,3.5,-3.5,3,2,0,-2,-3,-2.5045029265094447,-2.17961121211562,0,0,3.5,-3.5,3,2,0,-2,-3,-2.5045029265094447,-2.17961121211562,-0.8884874799963065,13,0,0
2024-05-03,32.06,32.38,31.1,32.01,1833791,3.5,-3.5,3,2,0,-2,-3,-2.87683687313102,-2.5045029265094447,0,0,3.5,-3.5,3,2,0,-2,-3,-2.87683687313102,-2.5045029265094447,-0.9252866115975253,13,0,0
2024-05-06,34.02,34.4,33.68,34.29,1244935,3.5,-3.5,3,2,0,-2,-3,-2.2846741903002745,-2.87683687313102,1,0,3.5,-3.5,3,2,0,-2,-3,-2.2846741903002745,-2.87683687313102,-0.6891083241447191,12,1,0
2024-05-07,34.16,34.3396,33.75,33.87,635679,3.5,-3.5,3,2,0,-2,-3,-1.339430844227473,-2.2846741903002745,0,0,3.5,-3.5,3,2,0,-2,-3,-1.339430844227473,-2.2846741903002745,-0.19458069297676722,11,0,0
2024-05-08,33.8,34.4,33.61,33.94,921713,3.5,-3.5,3,2,0,-2,-3,-0.5425935229835969,-1.339430844227473,0,0,3.5,-3.5,3,2,0,-2,-3,-0.5425935229835969,-1.339430844227473,0.1264415343316684,11,0,0
2024-05-09,34.92,36.44,34.91,36.41,1780810,3.5,-3.5,3,2,0,-2,-3,0.16999647263630835,-0.5425935229835969,0,0,3.5,-3.5,3,2,0,-2,-3,0.16999647263630835,-0.5425935229835969,0.41471582800221785,11,0,0
2024-05-10,36.74,36.93,35.75,36.16,1374878,3.5,-3.5,3,2,0,-2,-3,0.7905178406517038,0.16999647263630835,0,0,3.5,-3.5,3,2,0,-2,-3,0.7905178406517038,0.16999647263630835,0.6078596047614859,11,0,0
2024-05-13,36.37,36.585,35.83,36.27,738316,3.5,-3.5,3,2,0,-2,-3,1.299290112584633,0.7905178406517038,0,0,3.5,-3.5,3,2,0,-2,-3,1.299290112584633,0.7905178406517038,0.7182550656249772,12,0,0
2024-05-14,36.8,37.5586,36.44,37.21,916400,3.5,-3.5,3,2,0,-2,-3,1.780263725308688,1.299290112584633,0,0,3.5,-3.5,3,2,0,-2,-3,1.780263725308688,1.299290112584633,0.8112308939687347,12,0,0
2024-05-15,38.55,40.1799,37.03,40.06,1956145,3.5,-3.5,3,2,0,-2,-3,2.2378967431822225,1.780263725308688,0,0,3.5,-3.5,3,2,0,-2,-3,2.2378967431822225,1.780263725308688,0.8735246989590524,13,0,0
2024-05-16,39.54,40.13,39.01,39.84,1074708,3.5,-3.5,3,2,0,-2,-3,2.6779683702001185,2.2378967431822225,0,0,3.5,-3.5,3,2,0,-2,-3,2.6779683702001185,2.2378967431822225,0.9152615483025652,13,0,0
2024-05-17,42.1,45.12,41.3,45.03,3268675,3.5,-3.5,3,2,0,-2,-3,3.1054904140546102,2.6779683702001185,0,0,3.5,-3.5,3,2,0,-2,-3,3.1054904140546102,2.6779683702001185,0.9432252373627188,14,0,0
2024-05-20,45.41,47.28,43.77,45.56,3962863,3.5,-3.5,3,2,0,-2,-3,3.5242878946583263,3.1054904140546102,0,0,3.5,-3.5,3,2,0,-2,-3,3.5242878946583263,3.1054904140546102,0.9619609090330217,13,0,0
2024-05-21,45.8,47.16,44.9,46.41,2181545,3.5,-3.5,3,2,0,-2,-3,3.9371142975144293,3.5242878946583263,0,0,3.5,-3.5,3,2,0,-2,-3,3.9371142975144293,3.5242878946583263,0.9745138090521246,14,0,0
2024-05-22,45.73,45.75,42.7,43.02,2473420,3.5,-3.5,3,2,0,-2,-3,3.4384565512522425,3.9371142975144293,0,1,3.5,-3.5,3,2,0,-2,-3,3.4384565512522425,3.9371142975144293,0.8995582618619844,14,0,1
2024-05-23,42.75,43.25,40.7501,40.98,2115768,3.5,-3.5,3,2,0,-2,-3,2.6094790876718252,3.4384565512522425,0,0,3.5,-3.5,3,2,0,-2,-3,2.6094790876718252,3.4384565512522425,0.7115175905410849,13,0,0
2024-05-24,42.08,42.29,41.16,41.55,1066050,3.5,-3.5,3,2,0,-2,-3,1.9529055534698487,2.6094790876718252,0,0,3.5,-3.5,3,2,0,-2,-3,1.9529055534698487,2.6094790876718252,0.5704340413797824,13,0,0
2024-05-28,46.23,46.34,44.37,46.07,1977438,3.5,-3.5,3,2,0,-2,-3,1.7965871237261615,1.9529055534698487,0,0,3.5,-3.5,3,2,0,-2,-3,1.7965871237261615,1.9529055534698487,0.6751429906766374,14,0,0
2024-05-29,45.48,46.79,45.21,45.88,1227253,3.5,-3.5,3,2,0,-2,-3,1.9447725350817238,1.7965871237261615,1,0,3.5,-3.5,3,2,0,-2,-3,1.9447725350817238,1.7965871237261615,0.7804336840044335,14,1,0
2024-05-30,44.69,45.44,43.13,43.4,1425292,3.5,-3.5,3,2,0,-2,-3,1.9132947161489522,1.9447725350817238,0,1,3.5,-3.5,3,2,0,-2,-3,1.9132947161489522,1.9447725350817238,0.7356393593239475,14,0,1
2024-05-31,44.43,44.7294,40.81,41.29,2201866,3.5,-3.5,3,2,0,-2,-3,1.6260738287970904,1.9132947161489522,0,0,3.5,-3.5,3,2,0,-2,-3,1.6260738287970904,1.9132947161489522,0.584602489586116,13,0,0
2024-06-03,41.52,42.5,40.77,41.79,1383091,3.5,-3.5,3,2,0,-2,-3,1.0927709431284731,1.6260738287970904,0,0,3.5,-3.5,3,2,0,-2,-3,1.0927709431284731,1.6260738287970904,0.2726589002208406,12,0,0
2024-06-04,40,40,38.54,39,2387143,3.5,-3.5,3,2,0,-2,-3,0.39798709901112983,1.0927709431284731,0,0,3.5,-3.5,3,2,0,-2,-3,0.39798709901112983,1.0927709431284731,-0.1473185368520368,13,0,0
2024-06-05,39.4,40.32,38.75,40.16,1403497,3.5,-3.5,3,2,0,-2,-3,-0.22802974975601226,0.39798709901112983,0,0,3.5,-3.5,3,2,0,-2,-3,-0.22802974975601226,0.39798709901112983,-0.4028306386257759,13,0,0
2024-06-06,41.39,43.75,40.93,43.53,1505887,3.5,-3.5,3,2,0,-2,-3,-0.4237133898595372,-0.22802974975601226,0,0,3.5,-3.5,3,2,0,-2,-3,-0.4237133898595372,-0.22802974975601226,-0.3001628000686185,13,0,0
2024-06-07,39.63,39.6699,37.58,37.76,3485566,3.5,-3.5,3,2,0,-2,-3,-0.8035454290383335,-0.4237133898595372,0,0,3.5,-3.5,3,2,0,-2,-3,-0.8035454290383335,-0.4237133898595372,-0.5311090760459745,14,0,0
2024-06-10,38.93,39.39,38.35,39.1,1232742,3.5,-3.5,3,2,0,-2,-3,-1.201551947662559,-0.8035454290383335,0,0,3.5,-3.5,3,2,0,-2,-3,-1.201551947662559,-0.8035454290383335,-0.6639133313219863,13,0,0
2024-06-11,37.91,38.139,37.44,37.84,1299453,3.5,-3.5,3,2,0,-2,-3,-1.633057910966463,-1.201551947662559,0,0,3.5,-3.5,3,2,0,-2,-3,-1.633057910966463,-1.201551947662559,-0.7748219319857308,14,0,0
2024-06-12,40.1,40.26,38.4401,38.7,2260245,3.5,-3.5,3,2,0,-2,-3,-1.7318703251145542,-1.633057910966463,0,0,3.5,-3.5,3,2,0,-2,-3,-1.7318703251145542,-1.633057910966463,-0.7236860808259095,13,0,0
2024-06-13,37.99,38.38,36.18,36.92,2084071,3.5,-3.5,3,2,0,-2,-3,-2.007289611632663,-1.7318703251145542,0,0,3.5,-3.5,3,2,0,-2,-3,-2.007289611632663,-1.7318703251145542,-0.8148696741533594,14,0,0
2024-06-14,37.5,38.58,37.13,38.57,1592877,3.5,-3.5,3,2,0,-2,-3,-2.199682545664234,-2.007289611632663,0,0,3.5,-3.5,3,2,0,-2,-3,-2.199682545664234,-2.007289611632663,-0.8324420394809158,14,0,0
2024-06-17,38.26,38.37,37.3,38.31,774642,3.5,-3.5,3,2,0,-2,-3,-2.3408016783805556,-2.199682545664234,0,0,3.5,-3.5,3,2,0,-2,-3,-2.3408016783805556,-2.199682545664234,-0.8457292857182692,14,0,0
2024-06-18,37.57,38.6,37.52,38.46,1122107,3.5,-3.5,3,2,0,-2,-3,-2.336905003345815,-2.3408016783805556,1,0,3.5,-3.5,3,2,0,-2,-3,-2.336905003345815,-2.3408016783805556,-0.8231482574055444,14,1,0
2024-06-20,39.94,41.69,39.6912,41.36,1940434,3.5,-3.5,3,2,0,-2,-3,-1.6365346968728456,-2.336905003345815,0,0,3.5,-3.5,3,2,0,-2,-3,-1.6365346968728456,-2.336905003345815,-0.43664846289649734,13,0,0
2024-06-21,39.95,40.03,38.12,38.27,2253761,3.5,-3.5,3,2,0,-2,-3,-1.2282100590629947,-1.6365346968728456,0,0,3.5,-3.5,3,2,0,-2,-3,-1.2282100590629947,-1.6365346968728456,-0.38842403535804443,14,0,0
2024-06-24,38.54,38.74,38.03,38.29,787637,3.5,-3.5,3,2,0,-2,-3,-1.093942790366347,-1.2282100590629947,0,0,3.5,-3.5,3,2,0,-2,-3,-1.093942790366347,-1.2282100590629947,-0.44611366890728066,13,0,0
2024-06-25,37.75,37.765,36.43,36.6,1317689,3.5,-3.5,3,2,0,-2,-3,-1.2865593653090408,-1.093942790366347,0,1,3.5,-3.5,3,2,0,-2,-3,-1.2865593653090408,-1.093942790366347,-0.628896158167878,13,0,1
2024-06-26,35.99,36.75,35.77,36.33,888450,3.5,-3.5,3,2,0,-2,-3,-1.6193515812601744,-1.2865593653090408,0,0,3.5,-3.5,3,2,0,-2,-3,-1.6193515812601744,-1.2865593653090408,-0.7513604259724783,13,0,0
2024-06-27,37.04,37.3,36.39,36.69,826514,3.5,-3.5,3,2,0,-2,-3,-1.774153547588461,-1.6193515812601744,0,0,3.5,-3.5,3,2,0,-2,-3,-1.774153547588461,-1.6193515812601744,-0.7462675319866741,13,0,0
2024-06-28,37.92,37.97,36.97,37.09,966647,3.5,-3.5,3,2,0,-2,-3,-1.6619475102007906,-1.774153547588461,1,0,3.5,-3.5,3,2,0,-2,-3,-1.6619475102007906,-1.774153547588461,-0.6497527786840405,13,1,0
2024-07-01,37.44,38.028,37.11,37.81,674462,3.5,-3.5,3,2,0,-2,-3,-1.4790010490808099,-1.6619475102007906,0,0,3.5,-3.5,3,2,0,-2,-3,-1.4790010490808099,-1.6619475102007906,-0.5703404557010637,13,0,0
2024-07-02,37.78,38.8595,37.5604,38.16,1152375,3.5,-3.5,3,2,0,-2,-3,-1.189204580852904,-1.4790010490808099,0,0,3.5,-3.5,3,2,0,-2,-3,-1.189204580852904,-1.4790010490808099,-0.4216557088045688,13,0,0
2024-07-03,40.19,41.05,40.1,40.59,1913284,3.5,-3.5,3,2,0,-2,-3,-0.5643226056987457,-1.189204580852904,0,0,3.5,-3.5,3,2,0,-2,-3,-0.5643226056987457,-1.189204580852904,0.030270434050065353,13,0,0
2024-07-05,41.48,43.2,41.27,42.45,2063042,3.5,-3.5,3,2,0,-2,-3,0.08360293274841923,-0.5643226056987457,0,0,3.5,-3.5,3,2,0,-2,-3,0.08360293274841923,-0.5643226056987457,0.3502811908135438,13,0,0
2024-07-08,42.03,42.5,40.29,41.3,1114514,3.5,-3.5,3,2,0,-2,-3,0.5543156165292527,0.08360293274841923,0,0,3.5,-3.5,3,2,0,-2,-3,0.5543156165292527,0.08360293274841923,0.47190178696641283,13,0,0
2024-07-09,41.88,42.2,40.53,41.3,843161,3.5,-3.5,3,2,0,-2,-3,0.8956449041332882,0.5543156165292527,0,0,3.5,-3.5,3,2,0,-2,-3,0.8956449041332882,0.5543156165292527,0.550073778857455,13,0,0
2024-07-10,41.78,42.299,40.83,41.37,1410486,3.5,-3.5,3,2,0,-2,-3,1.1801476705892633,0.8956449041332882,0,0,3.5,-3.5,3,2,0,-2,-3,1.1801476705892633,0.8956449041332882,0.6244858335081346,13,0,0
2024-07-11,43.08,43.5937,42.3,42.97,1610689,3.5,-3.5,3,2,0,-2,-3,1.5593942766177842,1.1801476705892633,0,0,3.5,-3.5,3,2,0,-2,-3,1.5593942766177842,1.1801476705892633,0.7484055084504502,13,0,0
2024-07-12,40.82,41.7276,40.66,41.19,1447015,3.5,-3.5,3,2,0,-2,-3,1.5696875130884314,1.5593942766177842,0,0,3.5,-3.5,3,2,0,-2,-3,1.5696875130884314,1.5593942766177842,0.6584035832569695,13,0,0